unit,timestamp,start,end,value
kcal,2024-01-20 00:00:00,2024-01-20 00:00:00,2024-01-21 00:00:00,286.0
kcal,2024-01-21 00:00:00,2024-01-21 00:00:00,2024-01-22 00:00:00,150.0
kcal,2024-01-22 00:00:00,2024-01-22 00:00:00,2024-01-23 00:00:00,136.0
kcal,2024-01-23 00:00:00,2024-01-23 00:00:00,2024-01-24 00:00:00,147.0
kcal,2024-01-24 00:00:00,2024-01-24 00:00:00,2024-01-25 00:00:00,488.0
kcal,2024-01-25 00:00:00,2024-01-25 00:00:00,2024-01-26 00:00:00,149.0
kcal,2024-01-26 00:00:00,2024-01-26 00:00:00,2024-01-27 00:00:00,223.0
kcal,2024-01-27 00:00:00,2024-01-27 00:00:00,2024-01-27 23:59:59,258.0
kcal,2024-01-29 00:00:00,2024-01-29 00:00:00,2024-01-30 00:00:00,184.0
kcal,2024-01-30 00:00:00,2024-01-30 00:00:00,2024-01-31 00:00:00,573.0
kcal,2024-02-01 00:00:00,2024-02-01 00:00:00,2024-02-02 00:00:00,190.0
kcal,2024-02-02 00:00:00,2024-02-02 00:00:00,2024-02-03 00:00:00,136.0
kcal,2024-02-03 00:00:00,2024-02-03 00:00:00,2024-02-04 00:00:00,154.0
kcal,2024-02-04 00:00:00,2024-02-04 00:00:00,2024-02-04 23:59:59,317.0
kcal,2024-01-30 00:00:00,2024-01-30 00:00:00,2024-01-30 00:01:00,0.0920518474248596
kcal,2024-01-30 00:30:00,2024-01-30 00:30:00,2024-01-30 00:31:00,0.012851173013149
kcal,2024-01-30 00:45:00,2024-01-30 00:45:00,2024-01-30 00:46:00,0.0684045486164262
kcal,2024-01-30 01:00:00,2024-01-30 01:00:00,2024-01-30 01:01:00,0.0925919906382923
kcal,2024-01-30 01:15:00,2024-01-30 01:15:00,2024-01-30 01:16:00,0.0220006092360685
kcal,2024-01-30 01:45:00,2024-01-30 01:45:00,2024-01-30 01:46:00,0.085056251514844
kcal,2024-01-30 03:00:00,2024-01-30 03:00:00,2024-01-30 03:01:00,0.078601452975477
kcal,2024-01-30 04:45:00,2024-01-30 04:45:00,2024-01-30 04:46:00,0.0679383782604869
kcal,2024-01-30 05:15:00,2024-01-30 05:15:00,2024-01-30 05:16:00,0.0219575419493867
kcal,2024-01-30 05:30:00,2024-01-30 05:30:00,2024-01-30 05:31:00,0.0180933498344794
kcal,2024-01-30 05:45:00,2024-01-30 05:45:00,2024-01-30 05:46:00,0.0753619937527919
kcal,2024-01-30 06:00:00,2024-01-30 06:00:00,2024-01-30 06:01:00,0.0602640485713463
kcal,2024-01-30 06:15:00,2024-01-30 06:15:00,2024-01-30 06:16:00,0.0208678383739824
kcal,2024-01-30 06:30:00,2024-01-30 06:30:00,2024-01-30 06:31:00,0.0994275213477512
kcal,2024-01-30 06:45:00,2024-01-30 06:45:00,2024-01-30 06:46:00,0.0551511893675638
kcal,2024-01-30 07:00:00,2024-01-30 07:00:00,2024-01-30 07:01:00,0.0497677294351159
kcal,2024-01-30 07:30:00,2024-01-30 07:30:00,2024-01-30 07:31:00,0.0250845624150288
kcal,2024-01-30 07:45:00,2024-01-30 07:45:00,2024-01-30 07:46:00,0.0361085192619669
kcal,2024-01-30 08:15:00,2024-01-30 08:15:00,2024-01-30 08:16:00,0.0821556095569652
kcal,2024-01-30 10:00:00,2024-01-30 10:00:00,2024-01-30 10:01:00,0.0873948878246615
kcal,2024-01-30 10:30:00,2024-01-30 10:30:00,2024-01-30 10:31:00,0.0758430331038619
kcal,2024-01-30 11:00:00,2024-01-30 11:00:00,2024-01-30 11:01:00,0.0594160333781855
kcal,2024-01-30 11:30:00,2024-01-30 11:30:00,2024-01-30 11:31:00,0.0426747323713488
kcal,2024-01-30 11:45:00,2024-01-30 11:45:00,2024-01-30 11:46:00,0.0275241329259629
kcal,2024-01-30 12:30:00,2024-01-30 12:30:00,2024-01-30 12:31:00,0.0071969547209724
kcal,2024-01-30 13:30:00,2024-01-30 13:30:00,2024-01-30 13:31:00,0.0041338017252878
kcal,2024-01-30 14:00:00,2024-01-30 14:00:00,2024-01-30 14:01:00,0.0225925194544678
kcal,2024-01-30 14:30:00,2024-01-30 14:30:00,2024-01-30 14:31:00,0.0686637750591099
kcal,2024-01-30 15:15:00,2024-01-30 15:15:00,2024-01-30 15:16:00,0.0972871679425805
kcal,2024-01-30 15:45:00,2024-01-30 15:45:00,2024-01-30 15:46:00,0.0908684571363914
kcal,2024-01-30 17:30:00,2024-01-30 17:30:00,2024-01-30 17:31:00,0.0143851374480257
kcal,2024-01-30 18:00:00,2024-01-30 18:00:00,2024-01-30 18:01:00,0.0932334782012401
kcal,2024-01-30 18:45:00,2024-01-30 18:45:00,2024-01-30 18:46:00,0.041979931576818
kcal,2024-01-30 19:00:00,2024-01-30 19:00:00,2024-01-30 19:01:00,0.0024437327109647
kcal,2024-01-30 19:45:00,2024-01-30 19:45:00,2024-01-30 19:46:00,0.025016486693179
kcal,2024-01-30 21:00:00,2024-01-30 21:00:00,2024-01-30 21:01:00,0.0906132730287306
kcal,2024-01-30 21:15:00,2024-01-30 21:15:00,2024-01-30 21:16:00,0.0060825744978456
kcal,2024-01-30 22:00:00,2024-01-30 22:00:00,2024-01-30 22:01:00,0.0060327058729914
kcal,2024-01-30 22:30:00,2024-01-30 22:30:00,2024-01-30 22:31:00,0.0751637183028992
kcal,2024-01-30 22:45:00,2024-01-30 22:45:00,2024-01-30 22:46:00,0.0312844257702481
kcal,2024-01-31 00:45:00,2024-01-31 00:45:00,2024-01-31 00:46:00,0.0215959218884123
kcal,2024-01-31 01:00:00,2024-01-31 01:00:00,2024-01-31 01:01:00,0.075836384621979
kcal,2024-01-31 02:15:00,2024-01-31 02:15:00,2024-01-31 02:16:00,0.0348771282430246
kcal,2024-01-31 02:45:00,2024-01-31 02:45:00,2024-01-31 02:46:00,0.0961730393748732
kcal,2024-01-31 03:30:00,2024-01-31 03:30:00,2024-01-31 03:31:00,0.0838095887475438
kcal,2024-01-31 03:45:00,2024-01-31 03:45:00,2024-01-31 03:46:00,0.0888332828198239
kcal,2024-01-31 04:00:00,2024-01-31 04:00:00,2024-01-31 04:01:00,0.0584955408592827
kcal,2024-01-31 05:00:00,2024-01-31 05:00:00,2024-01-31 05:01:00,0.0130100935812781
kcal,2024-01-31 05:15:00,2024-01-31 05:15:00,2024-01-31 05:16:00,0.083949490071551
kcal,2024-01-31 05:30:00,2024-01-31 05:30:00,2024-01-31 05:31:00,0.0924911949024858
kcal,2024-01-31 05:45:00,2024-01-31 05:45:00,2024-01-31 05:46:00,0.0942160837861695
kcal,2024-01-31 07:15:00,2024-01-31 07:15:00,2024-01-31 07:16:00,0.0697393650924228
kcal,2024-01-31 08:00:00,2024-01-31 08:00:00,2024-01-31 08:01:00,0.0258378002031207
kcal,2024-01-31 08:45:00,2024-01-31 08:45:00,2024-01-31 08:46:00,0.0035494868972873
kcal,2024-01-31 09:00:00,2024-01-31 09:00:00,2024-01-31 09:01:00,0.0619382669716177
kcal,2024-01-31 10:30:00,2024-01-31 10:30:00,2024-01-31 10:31:00,0.0590341114810275
kcal,2024-01-31 12:00:00,2024-01-31 12:00:00,2024-01-31 12:01:00,0.0497934079583137
kcal,2024-01-31 12:15:00,2024-01-31 12:15:00,2024-01-31 12:16:00,0.0385888828392175
kcal,2024-01-31 12:30:00,2024-01-31 12:30:00,2024-01-31 12:31:00,0.063363395287963
kcal,2024-01-31 12:45:00,2024-01-31 12:45:00,2024-01-31 12:46:00,0.0392071167718466
kcal,2024-01-31 13:30:00,2024-01-31 13:30:00,2024-01-31 13:31:00,0.06651323779959
kcal,2024-01-31 13:45:00,2024-01-31 13:45:00,2024-01-31 13:46:00,0.0759965498401686
kcal,2024-01-31 14:30:00,2024-01-31 14:30:00,2024-01-31 14:31:00,0.0114461116517814
kcal,2024-01-31 15:15:00,2024-01-31 15:15:00,2024-01-31 15:16:00,0.0664059272705799
kcal,2024-01-31 15:30:00,2024-01-31 15:30:00,2024-01-31 15:31:00,0.0849963681085003
kcal,2024-01-31 16:30:00,2024-01-31 16:30:00,2024-01-31 16:31:00,0.064085952604512
kcal,2024-01-31 17:00:00,2024-01-31 17:00:00,2024-01-31 17:01:00,0.0783660971677522
kcal,2024-01-31 17:45:00,2024-01-31 17:45:00,2024-01-31 17:46:00,0.0719902160059402
kcal,2024-01-31 18:00:00,2024-01-31 18:00:00,2024-01-31 18:01:00,0.0532007749874443
kcal,2024-01-31 18:45:00,2024-01-31 18:45:00,2024-01-31 18:46:00,0.0860213700631912
kcal,2024-01-31 19:00:00,2024-01-31 19:00:00,2024-01-31 19:01:00,0.0416666005720035
kcal,2024-01-31 19:30:00,2024-01-31 19:30:00,2024-01-31 19:31:00,0.0645355180868037
kcal,2024-01-31 22:45:00,2024-01-31 22:45:00,2024-01-31 22:46:00,0.0422672518173247
kcal,2024-02-01 00:00:00,2024-02-01 00:00:00,2024-02-01 00:01:00,0.0041054182648156
kcal,2024-02-01 00:15:00,2024-02-01 00:15:00,2024-02-01 00:16:00,0.0434853384435435
kcal,2024-02-01 01:00:00,2024-02-01 01:00:00,2024-02-01 01:01:00,0.0420714073715345
kcal,2024-02-01 01:45:00,2024-02-01 01:45:00,2024-02-01 01:46:00,0.0094763056827448
kcal,2024-02-01 02:30:00,2024-02-01 02:30:00,2024-02-01 02:31:00,0.0866817432239118
kcal,2024-02-01 03:15:00,2024-02-01 03:15:00,2024-02-01 03:16:00,0.0277928951861614
kcal,2024-02-01 04:00:00,2024-02-01 04:00:00,2024-02-01 04:01:00,0.0195196464150583
kcal,2024-02-01 04:15:00,2024-02-01 04:15:00,2024-02-01 04:16:00,0.0993178791517114
kcal,2024-02-01 05:00:00,2024-02-01 05:00:00,2024-02-01 05:01:00,0.0333928457178005
kcal,2024-02-01 06:15:00,2024-02-01 06:15:00,2024-02-01 06:16:00,0.0582262283266115
kcal,2024-02-01 07:00:00,2024-02-01 07:00:00,2024-02-01 07:01:00,0.0290877178734425
kcal,2024-02-01 08:15:00,2024-02-01 08:15:00,2024-02-01 08:16:00,0.0573013671173253
kcal,2024-02-01 09:30:00,2024-02-01 09:30:00,2024-02-01 09:31:00,0.0720061114037676
kcal,2024-02-01 09:45:00,2024-02-01 09:45:00,2024-02-01 09:46:00,0.0139388354853332
kcal,2024-02-01 10:15:00,2024-02-01 10:15:00,2024-02-01 10:16:00,0.0521463513256539
kcal,2024-02-01 10:30:00,2024-02-01 10:30:00,2024-02-01 10:31:00,0.0747958310490443
kcal,2024-02-01 10:45:00,2024-02-01 10:45:00,2024-02-01 10:46:00,0.0271918981635064
kcal,2024-02-01 11:45:00,2024-02-01 11:45:00,2024-02-01 11:46:00,0.041241487240083
kcal,2024-02-01 12:30:00,2024-02-01 12:30:00,2024-02-01 12:31:00,0.0869838618384703
kcal,2024-02-01 13:00:00,2024-02-01 13:00:00,2024-02-01 13:01:00,0.092149299872667
kcal,2024-02-01 13:15:00,2024-02-01 13:15:00,2024-02-01 13:16:00,0.0462826510750972
kcal,2024-02-01 14:00:00,2024-02-01 14:00:00,2024-02-01 14:01:00,0.0832247712573245
kcal,2024-02-01 14:30:00,2024-02-01 14:30:00,2024-02-01 14:31:00,0.0704106375685092
kcal,2024-02-01 15:30:00,2024-02-01 15:30:00,2024-02-01 15:31:00,0.0449133002466862
kcal,2024-02-01 17:45:00,2024-02-01 17:45:00,2024-02-01 17:46:00,0.0853827425691118
kcal,2024-02-01 18:30:00,2024-02-01 18:30:00,2024-02-01 18:31:00,0.0084830392273435
kcal,2024-02-01 18:45:00,2024-02-01 18:45:00,2024-02-01 18:46:00,0.087538154902215
kcal,2024-02-01 19:30:00,2024-02-01 19:30:00,2024-02-01 19:31:00,0.0418112564344023
kcal,2024-02-01 19:45:00,2024-02-01 19:45:00,2024-02-01 19:46:00,0.0688991809324168
kcal,2024-02-01 20:30:00,2024-02-01 20:30:00,2024-02-01 20:31:00,0.0356234605834427
kcal,2024-02-01 22:00:00,2024-02-01 22:00:00,2024-02-01 22:01:00,0.0287098086233301
kcal,2024-02-01 22:30:00,2024-02-01 22:30:00,2024-02-01 22:31:00,0.0691638028201404
kcal,2024-02-01 22:45:00,2024-02-01 22:45:00,2024-02-01 22:46:00,0.0927152791067845
kcal,2024-02-01 23:15:00,2024-02-01 23:15:00,2024-02-01 23:16:00,0.03186966924191
kcal,2024-02-01 23:30:00,2024-02-01 23:30:00,2024-02-01 23:31:00,0.007433044766689
kcal,2024-02-02 00:45:00,2024-02-02 00:45:00,2024-02-02 00:46:00,0.0377193173824986
kcal,2024-02-02 01:30:00,2024-02-02 01:30:00,2024-02-02 01:31:00,0.0035789905636329
kcal,2024-02-02 01:45:00,2024-02-02 01:45:00,2024-02-02 01:46:00,0.0528010888240418
kcal,2024-02-02 02:30:00,2024-02-02 02:30:00,2024-02-02 02:31:00,0.0889573286341614
kcal,2024-02-02 02:45:00,2024-02-02 02:45:00,2024-02-02 02:46:00,0.0065618482758037
kcal,2024-02-02 03:00:00,2024-02-02 03:00:00,2024-02-02 03:01:00,0.0640632090361742
kcal,2024-02-02 04:30:00,2024-02-02 04:30:00,2024-02-02 04:31:00,0.0282556261142766
kcal,2024-02-02 05:15:00,2024-02-02 05:15:00,2024-02-02 05:16:00,0.0994522230821594
kcal,2024-02-02 05:30:00,2024-02-02 05:30:00,2024-02-02 05:31:00,0.0549039501221493
kcal,2024-02-02 06:00:00,2024-02-02 06:00:00,2024-02-02 06:01:00,0.0856219390495328
kcal,2024-02-02 06:45:00,2024-02-02 06:45:00,2024-02-02 06:46:00,0.0935611150436129
kcal,2024-02-02 07:00:00,2024-02-02 07:00:00,2024-02-02 07:01:00,0.0314137161257358
kcal,2024-02-02 08:15:00,2024-02-02 08:15:00,2024-02-02 08:16:00,0.0843993731640427
kcal,2024-02-02 08:45:00,2024-02-02 08:45:00,2024-02-02 08:46:00,0.0192907481546176
kcal,2024-02-02 09:15:00,2024-02-02 09:15:00,2024-02-02 09:16:00,0.0137403360967885
kcal,2024-02-02 10:00:00,2024-02-02 10:00:00,2024-02-02 10:01:00,0.0202118159708359
kcal,2024-02-02 10:15:00,2024-02-02 10:15:00,2024-02-02 10:16:00,0.0200369207189436
kcal,2024-02-02 10:30:00,2024-02-02 10:30:00,2024-02-02 10:31:00,0.0731199467994726
kcal,2024-02-02 11:15:00,2024-02-02 11:15:00,2024-02-02 11:16:00,0.0948181568338921
kcal,2024-02-02 11:45:00,2024-02-02 11:45:00,2024-02-02 11:46:00,0.0767935840561551
kcal,2024-02-02 12:00:00,2024-02-02 12:00:00,2024-02-02 12:01:00,0.0048301832039766
kcal,2024-02-02 13:30:00,2024-02-02 13:30:00,2024-02-02 13:31:00,0.045323218367637
kcal,2024-02-02 14:45:00,2024-02-02 14:45:00,2024-02-02 14:46:00,0.0142145454126137
kcal,2024-02-02 15:30:00,2024-02-02 15:30:00,2024-02-02 15:31:00,0.0555838645045828
kcal,2024-02-02 16:15:00,2024-02-02 16:15:00,2024-02-02 16:16:00,0.0298140597738226
kcal,2024-02-02 17:00:00,2024-02-02 17:00:00,2024-02-02 17:01:00,0.0798089765184352
kcal,2024-02-02 18:15:00,2024-02-02 18:15:00,2024-02-02 18:16:00,0.0832571583512059
kcal,2024-02-02 18:45:00,2024-02-02 18:45:00,2024-02-02 18:46:00,0.0955060390168011
kcal,2024-02-02 19:15:00,2024-02-02 19:15:00,2024-02-02 19:16:00,0.0596318767128567
kcal,2024-02-02 20:30:00,2024-02-02 20:30:00,2024-02-02 20:31:00,0.0293063598794284
kcal,2024-02-02 21:00:00,2024-02-02 21:00:00,2024-02-02 21:01:00,0.0448629447607761
kcal,2024-02-02 22:30:00,2024-02-02 22:30:00,2024-02-02 22:31:00,0.066555527634004
kcal,2024-02-02 22:45:00,2024-02-02 22:45:00,2024-02-02 22:46:00,0.0270809004857358
kcal,2024-02-02 23:00:00,2024-02-02 23:00:00,2024-02-02 23:01:00,0.0849420404626414
kcal,2024-02-03 00:00:00,2024-02-03 00:00:00,2024-02-03 00:01:00,0.0041270011420593
kcal,2024-02-03 00:30:00,2024-02-03 00:30:00,2024-02-03 00:31:00,0.0770798151916028
kcal,2024-02-03 01:15:00,2024-02-03 01:15:00,2024-02-03 01:16:00,0.0512943558162971
kcal,2024-02-03 02:00:00,2024-02-03 02:00:00,2024-02-03 02:01:00,0.0711718680609236
kcal,2024-02-03 03:15:00,2024-02-03 03:15:00,2024-02-03 03:16:00,0.0069652856805778
kcal,2024-02-03 05:00:00,2024-02-03 05:00:00,2024-02-03 05:01:00,0.0707869833718269
kcal,2024-02-03 05:15:00,2024-02-03 05:15:00,2024-02-03 05:16:00,0.0251170820961404
kcal,2024-02-03 06:00:00,2024-02-03 06:00:00,2024-02-03 06:01:00,0.0882316134900853
kcal,2024-02-03 06:15:00,2024-02-03 06:15:00,2024-02-03 06:16:00,0.0919135004832257
kcal,2024-02-03 07:15:00,2024-02-03 07:15:00,2024-02-03 07:16:00,0.0053107027802386
kcal,2024-02-03 08:30:00,2024-02-03 08:30:00,2024-02-03 08:31:00,0.0682281769559664
kcal,2024-02-03 09:00:00,2024-02-03 09:00:00,2024-02-03 09:01:00,0.021253494709835
kcal,2024-02-03 09:45:00,2024-02-03 09:45:00,2024-02-03 09:46:00,0.0214410328516783
kcal,2024-02-03 10:45:00,2024-02-03 10:45:00,2024-02-03 10:46:00,0.022496657129197
kcal,2024-02-03 11:00:00,2024-02-03 11:00:00,2024-02-03 11:01:00,0.016461359555696
kcal,2024-02-03 11:15:00,2024-02-03 11:15:00,2024-02-03 11:16:00,0.0786299487359393
kcal,2024-02-03 11:45:00,2024-02-03 11:45:00,2024-02-03 11:46:00,0.065806257586663
kcal,2024-02-03 12:00:00,2024-02-03 12:00:00,2024-02-03 12:01:00,0.0913451204760379
kcal,2024-02-03 12:45:00,2024-02-03 12:45:00,2024-02-03 12:46:00,0.0234837959859387
kcal,2024-02-03 13:00:00,2024-02-03 13:00:00,2024-02-03 13:01:00,0.0320319100736619
kcal,2024-02-03 13:45:00,2024-02-03 13:45:00,2024-02-03 13:46:00,0.0050350877025746
kcal,2024-02-03 14:15:00,2024-02-03 14:15:00,2024-02-03 14:16:00,0.0167026749690456
kcal,2024-02-03 14:30:00,2024-02-03 14:30:00,2024-02-03 14:31:00,0.0800845715660222
kcal,2024-02-03 15:30:00,2024-02-03 15:30:00,2024-02-03 15:31:00,0.0367286126137958
kcal,2024-02-03 15:45:00,2024-02-03 15:45:00,2024-02-03 15:46:00,0.0653111166022177
kcal,2024-02-03 16:00:00,2024-02-03 16:00:00,2024-02-03 16:01:00,0.0842232284161939
kcal,2024-02-03 16:45:00,2024-02-03 16:45:00,2024-02-03 16:46:00,0.0136326598701676
kcal,2024-02-03 17:00:00,2024-02-03 17:00:00,2024-02-03 17:01:00,0.0677959870114019
kcal,2024-02-03 19:15:00,2024-02-03 19:15:00,2024-02-03 19:16:00,0.0600077193692028
kcal,2024-02-03 19:30:00,2024-02-03 19:30:00,2024-02-03 19:31:00,0.0460704871889655
kcal,2024-02-03 20:15:00,2024-02-03 20:15:00,2024-02-03 20:16:00,0.0931211378207881
kcal,2024-02-03 21:00:00,2024-02-03 21:00:00,2024-02-03 21:01:00,0.0831059320118647
kcal,2024-02-03 21:30:00,2024-02-03 21:30:00,2024-02-03 21:31:00,0.0053440681750559
kcal,2024-02-04 01:15:00,2024-02-04 01:15:00,2024-02-04 01:16:00,0.023791080612929
kcal,2024-02-04 01:30:00,2024-02-04 01:30:00,2024-02-04 01:31:00,0.0440563878853997
kcal,2024-02-04 02:45:00,2024-02-04 02:45:00,2024-02-04 02:46:00,0.0308902231190656
kcal,2024-02-04 03:15:00,2024-02-04 03:15:00,2024-02-04 03:16:00,0.0049879983801634
kcal,2024-02-04 03:45:00,2024-02-04 03:45:00,2024-02-04 03:46:00,0.0450669639550377
kcal,2024-02-04 04:15:00,2024-02-04 04:15:00,2024-02-04 04:16:00,0.0258594728018902
kcal,2024-02-04 07:45:00,2024-02-04 07:45:00,2024-02-04 07:46:00,0.0475862833631836
kcal,2024-02-04 08:45:00,2024-02-04 08:45:00,2024-02-04 08:46:00,0.0726767313782332
kcal,2024-02-04 09:30:00,2024-02-04 09:30:00,2024-02-04 09:31:00,0.0333867102610594
kcal,2024-02-04 11:30:00,2024-02-04 11:30:00,2024-02-04 11:31:00,0.0023100488128398
kcal,2024-02-04 12:30:00,2024-02-04 12:30:00,2024-02-04 12:31:00,0.0825090354518034
kcal,2024-02-04 13:00:00,2024-02-04 13:00:00,2024-02-04 13:01:00,0.0713444206401019
kcal,2024-02-04 14:00:00,2024-02-04 14:00:00,2024-02-04 14:01:00,0.0643819965179916
kcal,2024-02-04 14:15:00,2024-02-04 14:15:00,2024-02-04 14:16:00,0.0367684901487344
kcal,2024-02-04 14:30:00,2024-02-04 14:30:00,2024-02-04 14:31:00,0.0451903769450432
kcal,2024-02-04 14:45:00,2024-02-04 14:45:00,2024-02-04 14:46:00,0.0470469989921469
kcal,2024-02-04 15:00:00,2024-02-04 15:00:00,2024-02-04 15:01:00,0.0113679745287465
kcal,2024-02-04 15:30:00,2024-02-04 15:30:00,2024-02-04 15:31:00,0.0273840909687568
kcal,2024-02-04 16:00:00,2024-02-04 16:00:00,2024-02-04 16:01:00,0.0597379942848976
kcal,2024-02-04 16:45:00,2024-02-04 16:45:00,2024-02-04 16:46:00,0.0119696514489499
kcal,2024-02-04 17:00:00,2024-02-04 17:00:00,2024-02-04 17:01:00,0.0972426998332841
kcal,2024-02-04 17:30:00,2024-02-04 17:30:00,2024-02-04 17:31:00,0.0494957389011636
kcal,2024-02-04 17:45:00,2024-02-04 17:45:00,2024-02-04 17:46:00,0.0073353204282743
kcal,2024-02-04 18:15:00,2024-02-04 18:15:00,2024-02-04 18:16:00,0.0238289352464862
kcal,2024-02-04 19:00:00,2024-02-04 19:00:00,2024-02-04 19:01:00,0.0017866988856209
kcal,2024-02-04 19:15:00,2024-02-04 19:15:00,2024-02-04 19:16:00,0.0717353037473371
kcal,2024-02-04 20:30:00,2024-02-04 20:30:00,2024-02-04 20:31:00,0.0166060506727788
kcal,2024-02-04 21:00:00,2024-02-04 21:00:00,2024-02-04 21:01:00,0.051088711054272
kcal,2024-02-04 21:30:00,2024-02-04 21:30:00,2024-02-04 21:31:00,0.0387601587740211
kcal,2024-02-04 21:45:00,2024-02-04 21:45:00,2024-02-04 21:46:00,0.0924119122991893
kcal,2024-02-04 22:00:00,2024-02-04 22:00:00,2024-02-04 22:01:00,0.0329149834385007
kcal,2024-02-04 22:30:00,2024-02-04 22:30:00,2024-02-04 22:31:00,0.0615737901253399
kcal,2024-02-04 22:45:00,2024-02-04 22:45:00,2024-02-04 22:46:00,0.0513420591327202
kcal,2024-02-04 23:15:00,2024-02-04 23:15:00,2024-02-04 23:16:00,0.0555081083799328
kcal,2024-02-05 00:45:00,2024-02-05 00:45:00,2024-02-05 00:46:00,0.0819176956546434
kcal,2024-02-05 01:15:00,2024-02-05 01:15:00,2024-02-05 01:16:00,0.038645656391056
kcal,2024-02-05 02:00:00,2024-02-05 02:00:00,2024-02-05 02:01:00,0.0009994832623874
kcal,2024-02-05 02:15:00,2024-02-05 02:15:00,2024-02-05 02:16:00,0.0812997823731365
kcal,2024-02-05 02:30:00,2024-02-05 02:30:00,2024-02-05 02:31:00,0.0419383467066893
kcal,2024-02-05 03:00:00,2024-02-05 03:00:00,2024-02-05 03:01:00,0.067422457207031
kcal,2024-02-05 04:30:00,2024-02-05 04:30:00,2024-02-05 04:31:00,0.0217902323719511
kcal,2024-02-05 05:45:00,2024-02-05 05:45:00,2024-02-05 05:46:00,0.0219127568345383
kcal,2024-02-05 06:30:00,2024-02-05 06:30:00,2024-02-05 06:31:00,0.0090927759322158
kcal,2024-02-05 08:30:00,2024-02-05 08:30:00,2024-02-05 08:31:00,0.030433175893461
kcal,2024-02-05 09:00:00,2024-02-05 09:00:00,2024-02-05 09:01:00,0.0608575559723731
kcal,2024-02-05 09:15:00,2024-02-05 09:15:00,2024-02-05 09:16:00,0.074197897663259
kcal,2024-02-05 11:30:00,2024-02-05 11:30:00,2024-02-05 11:31:00,0.0014009139071689
kcal,2024-02-05 12:00:00,2024-02-05 12:00:00,2024-02-05 12:01:00,0.0860321669202137
kcal,2024-02-05 12:30:00,2024-02-05 12:30:00,2024-02-05 12:31:00,0.0749231343940852
kcal,2024-02-05 13:30:00,2024-02-05 13:30:00,2024-02-05 13:31:00,0.092640569461773
kcal,2024-02-05 14:00:00,2024-02-05 14:00:00,2024-02-05 14:01:00,0.0855003334210237
kcal,2024-02-05 14:15:00,2024-02-05 14:15:00,2024-02-05 14:16:00,0.0272838241118388
kcal,2024-02-05 14:30:00,2024-02-05 14:30:00,2024-02-05 14:31:00,0.0798190024642252
kcal,2024-02-05 16:15:00,2024-02-05 16:15:00,2024-02-05 16:16:00,0.0037614680410807
kcal,2024-02-05 17:15:00,2024-02-05 17:15:00,2024-02-05 17:16:00,0.0256288831725692
kcal,2024-02-05 18:15:00,2024-02-05 18:15:00,2024-02-05 18:16:00,0.0709234970897238
kcal,2024-02-05 19:00:00,2024-02-05 19:00:00,2024-02-05 19:01:00,0.0499892527897697
kcal,2024-02-05 20:00:00,2024-02-05 20:00:00,2024-02-05 20:01:00,0.0403724539358392
kcal,2024-02-05 20:15:00,2024-02-05 20:15:00,2024-02-05 20:16:00,0.0545620737554945
kcal,2024-02-05 22:00:00,2024-02-05 22:00:00,2024-02-05 22:01:00,0.0469215479152975
kcal,2024-02-05 22:15:00,2024-02-05 22:15:00,2024-02-05 22:16:00,0.0678861928874323
kcal,2024-02-05 22:45:00,2024-02-05 22:45:00,2024-02-05 22:46:00,0.0001248125166769
kcal,2024-02-05 23:00:00,2024-02-05 23:00:00,2024-02-05 23:01:00,0.0017841589455202
kcal,2024-02-05 23:45:00,2024-02-05 23:45:00,2024-02-05 23:46:00,0.0996302705092733
kcal,2024-02-06 00:00:00,2024-02-06 00:00:00,2024-02-06 00:01:00,0.0034185263399321
kcal,2024-02-06 00:30:00,2024-02-06 00:30:00,2024-02-06 00:31:00,0.0461681637695394
kcal,2024-02-06 01:45:00,2024-02-06 01:45:00,2024-02-06 01:46:00,0.0216650635178602
kcal,2024-02-06 02:00:00,2024-02-06 02:00:00,2024-02-06 02:01:00,0.0629176037899124
kcal,2024-02-06 02:15:00,2024-02-06 02:15:00,2024-02-06 02:16:00,0.0747690223727226
kcal,2024-02-06 02:45:00,2024-02-06 02:45:00,2024-02-06 02:46:00,0.0418731206651836
kcal,2024-02-06 03:00:00,2024-02-06 03:00:00,2024-02-06 03:01:00,0.039422038153105
kcal,2024-02-06 03:15:00,2024-02-06 03:15:00,2024-02-06 03:16:00,0.0445206059001114
kcal,2024-02-06 03:30:00,2024-02-06 03:30:00,2024-02-06 03:31:00,0.0725417462671676
kcal,2024-02-06 03:45:00,2024-02-06 03:45:00,2024-02-06 03:46:00,0.0369105200053401
kcal,2024-02-06 04:15:00,2024-02-06 04:15:00,2024-02-06 04:16:00,0.0251327800389674
kcal,2024-02-06 04:30:00,2024-02-06 04:30:00,2024-02-06 04:31:00,0.0343497010142655
kcal,2024-02-06 05:15:00,2024-02-06 05:15:00,2024-02-06 05:16:00,0.0190650088491894
kcal,2024-02-06 05:30:00,2024-02-06 05:30:00,2024-02-06 05:31:00,0.0385364574221303
kcal,2024-02-06 05:45:00,2024-02-06 05:45:00,2024-02-06 05:46:00,0.0971780338276054
kcal,2024-02-06 06:00:00,2024-02-06 06:00:00,2024-02-06 06:01:00,0.0534556692608337
kcal,2024-02-06 06:15:00,2024-02-06 06:15:00,2024-02-06 06:16:00,0.0501039177871394
kcal,2024-02-06 07:45:00,2024-02-06 07:45:00,2024-02-06 07:46:00,0.0979936486977578
kcal,2024-02-06 08:30:00,2024-02-06 08:30:00,2024-02-06 08:31:00,0.0796234003705323
kcal,2024-02-06 09:15:00,2024-02-06 09:15:00,2024-02-06 09:16:00,0.0821425170415394
kcal,2024-02-06 09:30:00,2024-02-06 09:30:00,2024-02-06 09:31:00,0.0370958555275758
kcal,2024-02-06 10:00:00,2024-02-06 10:00:00,2024-02-06 10:01:00,0.0009481819137081
kcal,2024-02-06 11:00:00,2024-02-06 11:00:00,2024-02-06 11:01:00,0.0505120899387966
kcal,2024-02-06 11:15:00,2024-02-06 11:15:00,2024-02-06 11:16:00,0.0394539269787241
kcal,2024-02-06 12:00:00,2024-02-06 12:00:00,2024-02-06 12:01:00,0.0143450828986182
kcal,2024-02-06 12:30:00,2024-02-06 12:30:00,2024-02-06 12:31:00,0.0204168695388976
kcal,2024-02-06 13:30:00,2024-02-06 13:30:00,2024-02-06 13:31:00,0.0838050705505881
kcal,2024-02-06 13:45:00,2024-02-06 13:45:00,2024-02-06 13:46:00,0.0246216164540174
kcal,2024-02-06 15:00:00,2024-02-06 15:00:00,2024-02-06 15:01:00,0.0193567293294104
kcal,2024-02-06 15:15:00,2024-02-06 15:15:00,2024-02-06 15:16:00,0.0886687474482261
kcal,2024-02-06 15:30:00,2024-02-06 15:30:00,2024-02-06 15:31:00,0.0745263184258148
kcal,2024-02-06 16:00:00,2024-02-06 16:00:00,2024-02-06 16:01:00,0.097746726231571
kcal,2024-02-06 17:15:00,2024-02-06 17:15:00,2024-02-06 17:16:00,0.0637524004071585
kcal,2024-02-06 19:30:00,2024-02-06 19:30:00,2024-02-06 19:31:00,0.0831773815818189
kcal,2024-02-06 19:45:00,2024-02-06 19:45:00,2024-02-06 19:46:00,0.0635500851880402
kcal,2024-02-06 20:45:00,2024-02-06 20:45:00,2024-02-06 20:46:00,0.0541568509845167
kcal,2024-02-06 21:15:00,2024-02-06 21:15:00,2024-02-06 21:16:00,0.0326841800278186
kcal,2024-02-06 23:30:00,2024-02-06 23:30:00,2024-02-06 23:31:00,0.0012462596619057
kcal,2024-02-06 23:45:00,2024-02-06 23:45:00,2024-02-06 23:46:00,0.0973868811523183
kcal,2024-02-07 00:00:00,2024-02-07 00:00:00,2024-02-07 00:01:00,0.0605764669581732
kcal,2024-02-07 00:15:00,2024-02-07 00:15:00,2024-02-07 00:16:00,0.069336802869297
kcal,2024-02-07 00:45:00,2024-02-07 00:45:00,2024-02-07 00:46:00,0.0016849173785578
kcal,2024-02-07 01:00:00,2024-02-07 01:00:00,2024-02-07 01:01:00,0.0367268390108628
kcal,2024-02-07 01:45:00,2024-02-07 01:45:00,2024-02-07 01:46:00,0.0282808360253708
kcal,2024-02-07 02:00:00,2024-02-07 02:00:00,2024-02-07 02:01:00,0.0031203004832819
kcal,2024-02-07 04:00:00,2024-02-07 04:00:00,2024-02-07 04:01:00,0.0112432738908125
kcal,2024-02-07 05:00:00,2024-02-07 05:00:00,2024-02-07 05:01:00,0.0176337139964287
kcal,2024-02-07 06:00:00,2024-02-07 06:00:00,2024-02-07 06:01:00,0.0854196684550255
kcal,2024-02-07 07:00:00,2024-02-07 07:00:00,2024-02-07 07:01:00,0.0367655021835279
kcal,2024-02-07 07:45:00,2024-02-07 07:45:00,2024-02-07 07:46:00,0.0393109405756268
kcal,2024-02-07 09:15:00,2024-02-07 09:15:00,2024-02-07 09:16:00,0.0475781047566624
kcal,2024-02-07 09:30:00,2024-02-07 09:30:00,2024-02-07 09:31:00,0.0052932291323945
kcal,2024-02-07 10:30:00,2024-02-07 10:30:00,2024-02-07 10:31:00,0.0876257255464446
kcal,2024-02-07 11:00:00,2024-02-07 11:00:00,2024-02-07 11:01:00,0.0377115497054573
kcal,2024-02-07 11:15:00,2024-02-07 11:15:00,2024-02-07 11:16:00,0.0426825177985096
kcal,2024-02-07 11:30:00,2024-02-07 11:30:00,2024-02-07 11:31:00,0.0175066041242757
kcal,2024-02-07 12:00:00,2024-02-07 12:00:00,2024-02-07 12:01:00,0.0181254508820792
kcal,2024-02-07 12:15:00,2024-02-07 12:15:00,2024-02-07 12:16:00,0.0947377959896544
kcal,2024-02-07 12:45:00,2024-02-07 12:45:00,2024-02-07 12:46:00,0.0602814374822539
kcal,2024-02-07 16:00:00,2024-02-07 16:00:00,2024-02-07 16:01:00,0.0564763791939572
kcal,2024-02-07 17:00:00,2024-02-07 17:00:00,2024-02-07 17:01:00,0.0780911341741369
kcal,2024-02-07 18:15:00,2024-02-07 18:15:00,2024-02-07 18:16:00,0.064900293404715
kcal,2024-02-07 18:30:00,2024-02-07 18:30:00,2024-02-07 18:31:00,0.0790685454046001
kcal,2024-02-07 19:00:00,2024-02-07 19:00:00,2024-02-07 19:01:00,0.0285428624407276
kcal,2024-02-07 19:30:00,2024-02-07 19:30:00,2024-02-07 19:31:00,0.0411516039205807
kcal,2024-02-07 19:45:00,2024-02-07 19:45:00,2024-02-07 19:46:00,0.0895763501070628
kcal,2024-02-07 21:00:00,2024-02-07 21:00:00,2024-02-07 21:01:00,0.0339166348006011
kcal,2024-02-07 21:45:00,2024-02-07 21:45:00,2024-02-07 21:46:00,0.0665586674579466
kcal,2024-02-07 23:45:00,2024-02-07 23:45:00,2024-02-07 23:46:00,0.00181377529551
kcal,2024-02-08 00:15:00,2024-02-08 00:15:00,2024-02-08 00:16:00,0.0101235675237136
kcal,2024-02-08 01:00:00,2024-02-08 01:00:00,2024-02-08 01:01:00,0.0309900655494296
kcal,2024-02-08 01:15:00,2024-02-08 01:15:00,2024-02-08 01:16:00,0.0587582537734424
kcal,2024-02-08 01:45:00,2024-02-08 01:45:00,2024-02-08 01:46:00,0.07056763429002
kcal,2024-02-08 04:30:00,2024-02-08 04:30:00,2024-02-08 04:31:00,0.042451936993968
kcal,2024-02-08 04:45:00,2024-02-08 04:45:00,2024-02-08 04:46:00,0.0850453519991129
kcal,2024-02-08 05:00:00,2024-02-08 05:00:00,2024-02-08 05:01:00,0.0628174099679664
kcal,2024-02-08 05:15:00,2024-02-08 05:15:00,2024-02-08 05:16:00,0.0725736194241318
kcal,2024-02-08 06:15:00,2024-02-08 06:15:00,2024-02-08 06:16:00,0.0204055923190021
kcal,2024-02-08 06:30:00,2024-02-08 06:30:00,2024-02-08 06:31:00,0.031544684148957
kcal,2024-02-08 08:00:00,2024-02-08 08:00:00,2024-02-08 08:01:00,0.0373821488378557
kcal,2024-02-08 08:45:00,2024-02-08 08:45:00,2024-02-08 08:46:00,0.0135946210396332
kcal,2024-02-08 09:00:00,2024-02-08 09:00:00,2024-02-08 09:01:00,0.0212718952310085
kcal,2024-02-08 09:15:00,2024-02-08 09:15:00,2024-02-08 09:16:00,0.0405937025407768
kcal,2024-02-08 10:30:00,2024-02-08 10:30:00,2024-02-08 10:31:00,0.0190419459107813
kcal,2024-02-08 12:15:00,2024-02-08 12:15:00,2024-02-08 12:16:00,0.0535337601185134
kcal,2024-02-08 12:30:00,2024-02-08 12:30:00,2024-02-08 12:31:00,0.0800973727199587
kcal,2024-02-08 13:30:00,2024-02-08 13:30:00,2024-02-08 13:31:00,0.0882313347981061
kcal,2024-02-08 14:30:00,2024-02-08 14:30:00,2024-02-08 14:31:00,0.019723070395035
kcal,2024-02-08 15:00:00,2024-02-08 15:00:00,2024-02-08 15:01:00,0.0503208922361439
kcal,2024-02-08 15:15:00,2024-02-08 15:15:00,2024-02-08 15:16:00,0.0338337271018792
kcal,2024-02-08 16:30:00,2024-02-08 16:30:00,2024-02-08 16:31:00,0.010719798567623
kcal,2024-02-08 17:30:00,2024-02-08 17:30:00,2024-02-08 17:31:00,0.091075422936533
kcal,2024-02-08 18:45:00,2024-02-08 18:45:00,2024-02-08 18:46:00,0.099309387807169
kcal,2024-02-08 19:00:00,2024-02-08 19:00:00,2024-02-08 19:01:00,0.0783450996855158
kcal,2024-02-08 20:30:00,2024-02-08 20:30:00,2024-02-08 20:31:00,0.0377894381794329
kcal,2024-02-08 21:00:00,2024-02-08 21:00:00,2024-02-08 21:01:00,0.0055679524208397
kcal,2024-02-08 21:15:00,2024-02-08 21:15:00,2024-02-08 21:16:00,0.0221392095132706
kcal,2024-02-08 22:00:00,2024-02-08 22:00:00,2024-02-08 22:01:00,0.0808962843463356
kcal,2024-02-08 23:00:00,2024-02-08 23:00:00,2024-02-08 23:01:00,0.0545459175759374
kcal,2024-02-09 00:45:00,2024-02-09 00:45:00,2024-02-09 00:46:00,0.0972178741310964
kcal,2024-02-09 01:00:00,2024-02-09 01:00:00,2024-02-09 01:01:00,0.0295106334005587
kcal,2024-02-09 01:30:00,2024-02-09 01:30:00,2024-02-09 01:31:00,0.099589512754066
kcal,2024-02-09 01:45:00,2024-02-09 01:45:00,2024-02-09 01:46:00,0.0214143110787712
kcal,2024-02-09 02:45:00,2024-02-09 02:45:00,2024-02-09 02:46:00,0.0146117309854754
kcal,2024-02-09 03:15:00,2024-02-09 03:15:00,2024-02-09 03:16:00,0.0923372348545609
kcal,2024-02-09 03:30:00,2024-02-09 03:30:00,2024-02-09 03:31:00,0.0039926750415833
kcal,2024-02-09 04:00:00,2024-02-09 04:00:00,2024-02-09 04:01:00,0.0557591949147138
kcal,2024-02-09 04:30:00,2024-02-09 04:30:00,2024-02-09 04:31:00,0.030073219176696
kcal,2024-02-09 05:00:00,2024-02-09 05:00:00,2024-02-09 05:01:00,0.0612251003492167
kcal,2024-02-09 05:30:00,2024-02-09 05:30:00,2024-02-09 05:31:00,0.0471958912090914
kcal,2024-02-09 05:45:00,2024-02-09 05:45:00,2024-02-09 05:46:00,0.081417879395272
kcal,2024-02-09 06:15:00,2024-02-09 06:15:00,2024-02-09 06:16:00,0.0666497191609364
kcal,2024-02-09 07:15:00,2024-02-09 07:15:00,2024-02-09 07:16:00,0.0418667432744577
kcal,2024-02-09 07:45:00,2024-02-09 07:45:00,2024-02-09 07:46:00,0.0316906868624487
kcal,2024-02-09 08:00:00,2024-02-09 08:00:00,2024-02-09 08:01:00,0.0862078998410092
kcal,2024-02-09 08:15:00,2024-02-09 08:15:00,2024-02-09 08:16:00,0.0200273664854758
kcal,2024-02-09 09:45:00,2024-02-09 09:45:00,2024-02-09 09:46:00,0.0165166365907523
kcal,2024-02-09 10:15:00,2024-02-09 10:15:00,2024-02-09 10:16:00,0.055542969731971
kcal,2024-02-09 11:15:00,2024-02-09 11:15:00,2024-02-09 11:16:00,0.0753577249512648
kcal,2024-02-09 11:30:00,2024-02-09 11:30:00,2024-02-09 11:31:00,0.0090999194967529
kcal,2024-02-09 11:45:00,2024-02-09 11:45:00,2024-02-09 11:46:00,0.009825498337428
kcal,2024-02-09 12:00:00,2024-02-09 12:00:00,2024-02-09 12:01:00,0.0676703399567723
kcal,2024-02-09 12:15:00,2024-02-09 12:15:00,2024-02-09 12:16:00,0.0400239286068098
kcal,2024-02-09 12:30:00,2024-02-09 12:30:00,2024-02-09 12:31:00,0.0448108381002919
kcal,2024-02-09 13:00:00,2024-02-09 13:00:00,2024-02-09 13:01:00,0.0278081603227855
kcal,2024-02-09 14:00:00,2024-02-09 14:00:00,2024-02-09 14:01:00,0.0097752777483654
kcal,2024-02-09 14:30:00,2024-02-09 14:30:00,2024-02-09 14:31:00,0.0952455646521948
kcal,2024-02-09 15:45:00,2024-02-09 15:45:00,2024-02-09 15:46:00,0.0795010192302868
kcal,2024-02-09 16:30:00,2024-02-09 16:30:00,2024-02-09 16:31:00,0.0174720469877435
kcal,2024-02-09 16:45:00,2024-02-09 16:45:00,2024-02-09 16:46:00,0.0390693842371514
kcal,2024-02-09 17:15:00,2024-02-09 17:15:00,2024-02-09 17:16:00,0.0549333294925575
kcal,2024-02-09 17:30:00,2024-02-09 17:30:00,2024-02-09 17:31:00,0.003711829485459
kcal,2024-02-09 17:45:00,2024-02-09 17:45:00,2024-02-09 17:46:00,0.058404811270754
kcal,2024-02-09 18:00:00,2024-02-09 18:00:00,2024-02-09 18:01:00,0.0104723200760768
kcal,2024-02-09 18:45:00,2024-02-09 18:45:00,2024-02-09 18:46:00,0.0838046038687762
kcal,2024-02-09 19:15:00,2024-02-09 19:15:00,2024-02-09 19:16:00,0.0706588945654416
kcal,2024-02-09 19:45:00,2024-02-09 19:45:00,2024-02-09 19:46:00,0.0512636872493897
kcal,2024-02-09 20:15:00,2024-02-09 20:15:00,2024-02-09 20:16:00,0.0888482941913642
kcal,2024-02-09 20:30:00,2024-02-09 20:30:00,2024-02-09 20:31:00,0.0840103242253574
kcal,2024-02-09 20:45:00,2024-02-09 20:45:00,2024-02-09 20:46:00,0.0696871208110162
kcal,2024-02-09 21:15:00,2024-02-09 21:15:00,2024-02-09 21:16:00,0.0479420033031861
kcal,2024-02-09 21:30:00,2024-02-09 21:30:00,2024-02-09 21:31:00,0.024947292574818
kcal,2024-02-09 22:45:00,2024-02-09 22:45:00,2024-02-09 22:46:00,0.0456632955869435
kcal,2024-02-09 23:00:00,2024-02-09 23:00:00,2024-02-09 23:01:00,0.0985114648248457
kcal,2024-02-10 00:30:00,2024-02-10 00:30:00,2024-02-10 00:31:00,0.0981694223015652
kcal,2024-02-10 01:00:00,2024-02-10 01:00:00,2024-02-10 01:01:00,0.0002602501421763
kcal,2024-02-10 01:45:00,2024-02-10 01:45:00,2024-02-10 01:46:00,0.0414583976711599
kcal,2024-02-10 02:00:00,2024-02-10 02:00:00,2024-02-10 02:01:00,0.0660112680871597
kcal,2024-02-10 02:15:00,2024-02-10 02:15:00,2024-02-10 02:16:00,0.0831277929374926
kcal,2024-02-10 02:45:00,2024-02-10 02:45:00,2024-02-10 02:46:00,0.0504459978633952
kcal,2024-02-10 03:00:00,2024-02-10 03:00:00,2024-02-10 03:01:00,0.0596575847849731
kcal,2024-02-10 03:15:00,2024-02-10 03:15:00,2024-02-10 03:16:00,0.0325200252249778
kcal,2024-02-10 04:30:00,2024-02-10 04:30:00,2024-02-10 04:31:00,0.0467276233666317
kcal,2024-02-10 05:00:00,2024-02-10 05:00:00,2024-02-10 05:01:00,0.0691762237127393
kcal,2024-02-10 05:15:00,2024-02-10 05:15:00,2024-02-10 05:16:00,0.0117802232168294
kcal,2024-02-10 05:45:00,2024-02-10 05:45:00,2024-02-10 05:46:00,0.058748507990215
kcal,2024-02-10 06:00:00,2024-02-10 06:00:00,2024-02-10 06:01:00,0.0913392978970743
kcal,2024-02-10 07:00:00,2024-02-10 07:00:00,2024-02-10 07:01:00,0.0505055863002185
kcal,2024-02-10 08:30:00,2024-02-10 08:30:00,2024-02-10 08:31:00,0.0656393197989146
kcal,2024-02-10 11:30:00,2024-02-10 11:30:00,2024-02-10 11:31:00,0.0508994449273025
kcal,2024-02-10 12:15:00,2024-02-10 12:15:00,2024-02-10 12:16:00,0.0306590794812748
kcal,2024-02-10 13:15:00,2024-02-10 13:15:00,2024-02-10 13:16:00,0.0259883420806426
kcal,2024-02-10 15:15:00,2024-02-10 15:15:00,2024-02-10 15:16:00,0.0225765877197434
kcal,2024-02-10 15:30:00,2024-02-10 15:30:00,2024-02-10 15:31:00,0.0104761468099274
kcal,2024-02-10 16:30:00,2024-02-10 16:30:00,2024-02-10 16:31:00,0.0320762320936344
kcal,2024-02-10 17:00:00,2024-02-10 17:00:00,2024-02-10 17:01:00,0.0813309611467858
kcal,2024-02-10 18:30:00,2024-02-10 18:30:00,2024-02-10 18:31:00,0.0023583431838684
kcal,2024-02-10 18:45:00,2024-02-10 18:45:00,2024-02-10 18:46:00,0.0168617184605659
kcal,2024-02-10 19:15:00,2024-02-10 19:15:00,2024-02-10 19:16:00,0.0837534402460539
kcal,2024-02-10 20:45:00,2024-02-10 20:45:00,2024-02-10 20:46:00,0.0339509991124093
kcal,2024-02-10 21:00:00,2024-02-10 21:00:00,2024-02-10 21:01:00,0.0560563418323761
kcal,2024-02-10 21:30:00,2024-02-10 21:30:00,2024-02-10 21:31:00,0.024432326815475
kcal,2024-02-10 22:00:00,2024-02-10 22:00:00,2024-02-10 22:01:00,0.0770138823050967
kcal,2024-02-10 23:00:00,2024-02-10 23:00:00,2024-02-10 23:01:00,0.0674469929208709
kcal,2024-02-10 23:15:00,2024-02-10 23:15:00,2024-02-10 23:16:00,0.0542086768781555
kcal,2024-02-11 00:00:00,2024-02-11 00:00:00,2024-02-11 00:01:00,0.087969782562143
kcal,2024-02-11 01:00:00,2024-02-11 01:00:00,2024-02-11 01:01:00,0.0985974851580219
kcal,2024-02-11 02:15:00,2024-02-11 02:15:00,2024-02-11 02:16:00,0.0719788151978932
kcal,2024-02-11 02:45:00,2024-02-11 02:45:00,2024-02-11 02:46:00,0.0322496529047457
kcal,2024-02-11 03:15:00,2024-02-11 03:15:00,2024-02-11 03:16:00,0.0066027684108204
kcal,2024-02-11 03:30:00,2024-02-11 03:30:00,2024-02-11 03:31:00,0.0269557747186215
kcal,2024-02-11 04:00:00,2024-02-11 04:00:00,2024-02-11 04:01:00,0.077193515903796
kcal,2024-02-11 04:15:00,2024-02-11 04:15:00,2024-02-11 04:16:00,0.03109402878814
kcal,2024-02-11 04:30:00,2024-02-11 04:30:00,2024-02-11 04:31:00,0.08222244632401
kcal,2024-02-11 04:45:00,2024-02-11 04:45:00,2024-02-11 04:46:00,0.034365788045319
kcal,2024-02-11 05:00:00,2024-02-11 05:00:00,2024-02-11 05:01:00,0.0698035435928695
kcal,2024-02-11 05:15:00,2024-02-11 05:15:00,2024-02-11 05:16:00,0.013886042679078
kcal,2024-02-11 05:30:00,2024-02-11 05:30:00,2024-02-11 05:31:00,0.0619402533395405
kcal,2024-02-11 06:00:00,2024-02-11 06:00:00,2024-02-11 06:01:00,0.0048590591993004
kcal,2024-02-11 06:15:00,2024-02-11 06:15:00,2024-02-11 06:16:00,0.0630230625445416
kcal,2024-02-11 07:30:00,2024-02-11 07:30:00,2024-02-11 07:31:00,0.0613125473557074
kcal,2024-02-11 07:45:00,2024-02-11 07:45:00,2024-02-11 07:46:00,0.0507449357519276
kcal,2024-02-11 08:15:00,2024-02-11 08:15:00,2024-02-11 08:16:00,0.0128141292718289
kcal,2024-02-11 09:45:00,2024-02-11 09:45:00,2024-02-11 09:46:00,0.0693806857086427
kcal,2024-02-11 10:00:00,2024-02-11 10:00:00,2024-02-11 10:01:00,0.0085496327806658
kcal,2024-02-11 10:45:00,2024-02-11 10:45:00,2024-02-11 10:46:00,0.0213381478344374
kcal,2024-02-11 11:00:00,2024-02-11 11:00:00,2024-02-11 11:01:00,0.0947955345477738
kcal,2024-02-11 11:15:00,2024-02-11 11:15:00,2024-02-11 11:16:00,0.0840021170758493
kcal,2024-02-11 12:30:00,2024-02-11 12:30:00,2024-02-11 12:31:00,0.081161527512498
kcal,2024-02-11 14:45:00,2024-02-11 14:45:00,2024-02-11 14:46:00,0.0598529336735428
kcal,2024-02-11 16:45:00,2024-02-11 16:45:00,2024-02-11 16:46:00,0.0420499339989985
kcal,2024-02-11 17:15:00,2024-02-11 17:15:00,2024-02-11 17:16:00,0.0752697412000191
kcal,2024-02-11 17:30:00,2024-02-11 17:30:00,2024-02-11 17:31:00,0.0600737513150491
kcal,2024-02-11 17:45:00,2024-02-11 17:45:00,2024-02-11 17:46:00,0.0669583398090456
kcal,2024-02-11 19:00:00,2024-02-11 19:00:00,2024-02-11 19:01:00,0.0289039782654825
kcal,2024-02-11 20:30:00,2024-02-11 20:30:00,2024-02-11 20:31:00,0.0687893690307238
kcal,2024-02-11 21:00:00,2024-02-11 21:00:00,2024-02-11 21:01:00,0.0191606323750616
kcal,2024-02-11 21:45:00,2024-02-11 21:45:00,2024-02-11 21:46:00,0.077257455804456
kcal,2024-02-11 22:00:00,2024-02-11 22:00:00,2024-02-11 22:01:00,0.0447813487570317
kcal,2024-02-11 22:30:00,2024-02-11 22:30:00,2024-02-11 22:31:00,0.0771376706616325
kcal,2024-02-11 23:00:00,2024-02-11 23:00:00,2024-02-11 23:01:00,0.0500274290508883
kcal,2024-02-11 23:15:00,2024-02-11 23:15:00,2024-02-11 23:16:00,0.0064754894549723
kcal,2024-02-12 00:15:00,2024-02-12 00:15:00,2024-02-12 00:16:00,0.0200545492258775
kcal,2024-02-12 00:30:00,2024-02-12 00:30:00,2024-02-12 00:31:00,0.0565289804502941
kcal,2024-02-12 00:45:00,2024-02-12 00:45:00,2024-02-12 00:46:00,0.051181948945124
kcal,2024-02-12 02:30:00,2024-02-12 02:30:00,2024-02-12 02:31:00,0.055891230109152
kcal,2024-02-12 03:15:00,2024-02-12 03:15:00,2024-02-12 03:16:00,0.0401441497858095
kcal,2024-02-12 04:00:00,2024-02-12 04:00:00,2024-02-12 04:01:00,0.0529747263336307
kcal,2024-02-12 04:30:00,2024-02-12 04:30:00,2024-02-12 04:31:00,0.0915989300202961
kcal,2024-02-12 05:00:00,2024-02-12 05:00:00,2024-02-12 05:01:00,0.08137948965362
kcal,2024-02-12 05:15:00,2024-02-12 05:15:00,2024-02-12 05:16:00,0.0362472138748568
kcal,2024-02-12 05:30:00,2024-02-12 05:30:00,2024-02-12 05:31:00,0.0125222694089033
kcal,2024-02-12 05:45:00,2024-02-12 05:45:00,2024-02-12 05:46:00,0.0606261413479326
kcal,2024-02-12 06:00:00,2024-02-12 06:00:00,2024-02-12 06:01:00,0.0048575793155646
kcal,2024-02-12 06:45:00,2024-02-12 06:45:00,2024-02-12 06:46:00,0.0855328947749297
kcal,2024-02-12 07:15:00,2024-02-12 07:15:00,2024-02-12 07:16:00,0.0614757852488906
kcal,2024-02-12 09:15:00,2024-02-12 09:15:00,2024-02-12 09:16:00,0.0925154689199496
kcal,2024-02-12 10:00:00,2024-02-12 10:00:00,2024-02-12 10:01:00,0.0259744429531305
kcal,2024-02-12 10:30:00,2024-02-12 10:30:00,2024-02-12 10:31:00,0.0038095683682176
kcal,2024-02-12 11:00:00,2024-02-12 11:00:00,2024-02-12 11:01:00,0.0652125101938075
kcal,2024-02-12 11:30:00,2024-02-12 11:30:00,2024-02-12 11:31:00,0.048631761672077
kcal,2024-02-12 11:45:00,2024-02-12 11:45:00,2024-02-12 11:46:00,0.0632274499529313
kcal,2024-02-12 12:00:00,2024-02-12 12:00:00,2024-02-12 12:01:00,0.091845474493678
kcal,2024-02-12 12:45:00,2024-02-12 12:45:00,2024-02-12 12:46:00,0.0828884680675505
kcal,2024-02-12 13:30:00,2024-02-12 13:30:00,2024-02-12 13:31:00,0.020507465154056
kcal,2024-02-12 14:30:00,2024-02-12 14:30:00,2024-02-12 14:31:00,0.0016757221215154
kcal,2024-02-12 15:45:00,2024-02-12 15:45:00,2024-02-12 15:46:00,0.0546068311428801
kcal,2024-02-12 16:00:00,2024-02-12 16:00:00,2024-02-12 16:01:00,0.0197018424162902
kcal,2024-02-12 17:00:00,2024-02-12 17:00:00,2024-02-12 17:01:00,0.039927806665759
kcal,2024-02-12 17:15:00,2024-02-12 17:15:00,2024-02-12 17:16:00,0.0918443832384312
kcal,2024-02-12 17:30:00,2024-02-12 17:30:00,2024-02-12 17:31:00,0.0829863687140082
kcal,2024-02-12 17:45:00,2024-02-12 17:45:00,2024-02-12 17:46:00,0.0147196283660254
kcal,2024-02-12 18:45:00,2024-02-12 18:45:00,2024-02-12 18:46:00,0.0304185813060452
kcal,2024-02-12 20:00:00,2024-02-12 20:00:00,2024-02-12 20:01:00,0.0328769803544202
kcal,2024-02-12 20:15:00,2024-02-12 20:15:00,2024-02-12 20:16:00,0.0085301325126568
kcal,2024-02-12 20:30:00,2024-02-12 20:30:00,2024-02-12 20:31:00,0.0145302382261881
kcal,2024-02-12 21:15:00,2024-02-12 21:15:00,2024-02-12 21:16:00,0.0732983396481697
kcal,2024-02-12 21:45:00,2024-02-12 21:45:00,2024-02-12 21:46:00,0.0350442562185776
kcal,2024-02-12 22:30:00,2024-02-12 22:30:00,2024-02-12 22:31:00,0.0332920233187124
kcal,2024-02-12 23:00:00,2024-02-12 23:00:00,2024-02-12 23:01:00,0.0954258047429766
kcal,2024-02-12 23:30:00,2024-02-12 23:30:00,2024-02-12 23:31:00,0.0126166071269228
kcal,2024-02-05 00:00:00,2024-02-05 00:00:00,2024-02-06 00:00:00,180.0
kcal,2024-02-06 00:00:00,2024-02-06 00:00:00,2024-02-07 00:00:00,143.0
kcal,2024-02-07 00:00:00,2024-02-07 00:00:00,2024-02-08 00:00:00,134.0
kcal,2024-02-08 00:00:00,2024-02-08 00:00:00,2024-02-09 00:00:00,329.0
kcal,2024-02-10 00:00:00,2024-02-10 00:00:00,2024-02-11 00:00:00,244.0
kcal,2024-02-11 00:00:00,2024-02-11 00:00:00,2024-02-12 00:00:00,336.0
kcal,2024-02-12 00:00:00,2024-02-12 00:00:00,2024-02-12 23:59:59,268.0
kcal,2024-02-13 01:30:00,2024-02-13 01:30:00,2024-02-13 01:31:00,0.068995112759198
kcal,2024-02-13 01:45:00,2024-02-13 01:45:00,2024-02-13 01:46:00,0.0871488841651297
kcal,2024-02-13 03:00:00,2024-02-13 03:00:00,2024-02-13 03:01:00,0.0214606300547521
kcal,2024-02-13 03:15:00,2024-02-13 03:15:00,2024-02-13 03:16:00,0.0029952780760422
kcal,2024-02-13 03:45:00,2024-02-13 03:45:00,2024-02-13 03:46:00,0.0470643860286775
kcal,2024-02-13 05:15:00,2024-02-13 05:15:00,2024-02-13 05:16:00,0.0835965194497842
kcal,2024-02-13 05:45:00,2024-02-13 05:45:00,2024-02-13 05:46:00,0.0505404164687134
kcal,2024-02-13 06:15:00,2024-02-13 06:15:00,2024-02-13 06:16:00,0.0614936128791509
kcal,2024-02-13 08:00:00,2024-02-13 08:00:00,2024-02-13 08:01:00,0.0781214311888956
kcal,2024-02-13 09:30:00,2024-02-13 09:30:00,2024-02-13 09:31:00,0.0274707844944431
kcal,2024-02-13 09:45:00,2024-02-13 09:45:00,2024-02-13 09:46:00,0.0747550341099611
kcal,2024-02-13 10:15:00,2024-02-13 10:15:00,2024-02-13 10:16:00,0.0325583254985332
kcal,2024-02-13 10:30:00,2024-02-13 10:30:00,2024-02-13 10:31:00,0.0469490516977621
kcal,2024-02-13 12:00:00,2024-02-13 12:00:00,2024-02-13 12:01:00,0.0217813800866029
kcal,2024-02-13 12:15:00,2024-02-13 12:15:00,2024-02-13 12:16:00,0.0328521111140142
kcal,2024-02-13 12:30:00,2024-02-13 12:30:00,2024-02-13 12:31:00,0.0296546075532372
kcal,2024-02-13 14:15:00,2024-02-13 14:15:00,2024-02-13 14:16:00,0.0099665290712692
kcal,2024-02-13 15:00:00,2024-02-13 15:00:00,2024-02-13 15:01:00,0.0545377305446078
kcal,2024-02-13 16:00:00,2024-02-13 16:00:00,2024-02-13 16:01:00,0.0737797892455626
kcal,2024-02-13 16:15:00,2024-02-13 16:15:00,2024-02-13 16:16:00,0.0385027636223972
kcal,2024-02-13 16:30:00,2024-02-13 16:30:00,2024-02-13 16:31:00,0.051549871135522
kcal,2024-02-13 16:45:00,2024-02-13 16:45:00,2024-02-13 16:46:00,0.0221180436807552
kcal,2024-02-13 19:00:00,2024-02-13 19:00:00,2024-02-13 19:01:00,0.0690750779729781
kcal,2024-02-13 19:30:00,2024-02-13 19:30:00,2024-02-13 19:31:00,0.0787117420753742
kcal,2024-02-13 20:15:00,2024-02-13 20:15:00,2024-02-13 20:16:00,0.0215889275051579
kcal,2024-02-13 21:00:00,2024-02-13 21:00:00,2024-02-13 21:01:00,0.0632312070693288
kcal,2024-02-13 22:00:00,2024-02-13 22:00:00,2024-02-13 22:01:00,0.0722293174786596
kcal,2024-02-13 23:00:00,2024-02-13 23:00:00,2024-02-13 23:01:00,0.0499960815345988
kcal,2024-02-13 23:15:00,2024-02-13 23:15:00,2024-02-13 23:16:00,0.0146041659647829
kcal,2024-02-13 23:30:00,2024-02-13 23:30:00,2024-02-13 23:31:00,0.0050965538393411
kcal,2024-02-13 23:45:00,2024-02-13 23:45:00,2024-02-13 23:46:00,0.0949402557063973
kcal,2024-02-14 00:15:00,2024-02-14 00:15:00,2024-02-14 00:16:00,0.0557276924743962
kcal,2024-02-14 01:00:00,2024-02-14 01:00:00,2024-02-14 01:01:00,0.0531112399539513
kcal,2024-02-14 01:45:00,2024-02-14 01:45:00,2024-02-14 01:46:00,0.0665747623521701
kcal,2024-02-14 02:00:00,2024-02-14 02:00:00,2024-02-14 02:01:00,0.067716255140933
kcal,2024-02-14 02:15:00,2024-02-14 02:15:00,2024-02-14 02:16:00,0.081200565472345
kcal,2024-02-14 03:00:00,2024-02-14 03:00:00,2024-02-14 03:01:00,0.0083089024825486
kcal,2024-02-14 04:15:00,2024-02-14 04:15:00,2024-02-14 04:16:00,0.0588116809652846
kcal,2024-02-14 04:30:00,2024-02-14 04:30:00,2024-02-14 04:31:00,0.0668438997198848
kcal,2024-02-14 05:15:00,2024-02-14 05:15:00,2024-02-14 05:16:00,0.0591184680869817
kcal,2024-02-14 05:45:00,2024-02-14 05:45:00,2024-02-14 05:46:00,0.0257179172840028
kcal,2024-02-14 06:00:00,2024-02-14 06:00:00,2024-02-14 06:01:00,0.0391410273476688
kcal,2024-02-14 07:00:00,2024-02-14 07:00:00,2024-02-14 07:01:00,0.0814127620227516
kcal,2024-02-14 07:30:00,2024-02-14 07:30:00,2024-02-14 07:31:00,0.036791772878262
kcal,2024-02-14 08:15:00,2024-02-14 08:15:00,2024-02-14 08:16:00,0.0395118747719121
kcal,2024-02-14 09:00:00,2024-02-14 09:00:00,2024-02-14 09:01:00,0.0735101679173896
kcal,2024-02-14 09:30:00,2024-02-14 09:30:00,2024-02-14 09:31:00,0.065495932812948
kcal,2024-02-14 09:45:00,2024-02-14 09:45:00,2024-02-14 09:46:00,0.0842980814052073
kcal,2024-02-14 10:00:00,2024-02-14 10:00:00,2024-02-14 10:01:00,0.0813510375317395
kcal,2024-02-14 11:00:00,2024-02-14 11:00:00,2024-02-14 11:01:00,0.0912559962726924
kcal,2024-02-14 11:45:00,2024-02-14 11:45:00,2024-02-14 11:46:00,0.0896577019072197
kcal,2024-02-14 13:00:00,2024-02-14 13:00:00,2024-02-14 13:01:00,0.0689302919389099
kcal,2024-02-14 14:00:00,2024-02-14 14:00:00,2024-02-14 14:01:00,0.0512151492002426
kcal,2024-02-14 14:15:00,2024-02-14 14:15:00,2024-02-14 14:16:00,0.0920599152891584
kcal,2024-02-14 14:30:00,2024-02-14 14:30:00,2024-02-14 14:31:00,0.0154533953219196
kcal,2024-02-14 15:15:00,2024-02-14 15:15:00,2024-02-14 15:16:00,0.0793547169307372
kcal,2024-02-14 15:30:00,2024-02-14 15:30:00,2024-02-14 15:31:00,0.0604626139341811
kcal,2024-02-14 16:00:00,2024-02-14 16:00:00,2024-02-14 16:01:00,0.0128304620900274
kcal,2024-02-14 16:15:00,2024-02-14 16:15:00,2024-02-14 16:16:00,0.068193097850065
kcal,2024-02-14 16:45:00,2024-02-14 16:45:00,2024-02-14 16:46:00,0.03454337756777
kcal,2024-02-14 17:30:00,2024-02-14 17:30:00,2024-02-14 17:31:00,0.0896819399084271
kcal,2024-02-14 18:00:00,2024-02-14 18:00:00,2024-02-14 18:01:00,0.0276088562480307
kcal,2024-02-14 18:15:00,2024-02-14 18:15:00,2024-02-14 18:16:00,0.0997398538504556
kcal,2024-02-14 18:45:00,2024-02-14 18:45:00,2024-02-14 18:46:00,0.0380156909123423
kcal,2024-02-14 19:30:00,2024-02-14 19:30:00,2024-02-14 19:31:00,0.0949652038334994
kcal,2024-02-14 19:45:00,2024-02-14 19:45:00,2024-02-14 19:46:00,0.0969676398751818
kcal,2024-02-14 20:00:00,2024-02-14 20:00:00,2024-02-14 20:01:00,0.0774227692956405
kcal,2024-02-14 20:15:00,2024-02-14 20:15:00,2024-02-14 20:16:00,0.0752449065179448
kcal,2024-02-14 20:30:00,2024-02-14 20:30:00,2024-02-14 20:31:00,0.0926557204905702
kcal,2024-02-14 20:45:00,2024-02-14 20:45:00,2024-02-14 20:46:00,0.067404851733516
kcal,2024-02-14 21:30:00,2024-02-14 21:30:00,2024-02-14 21:31:00,0.0083652519079481
kcal,2024-02-14 23:15:00,2024-02-14 23:15:00,2024-02-14 23:16:00,0.0809266295590659
kcal,2024-02-15 00:30:00,2024-02-15 00:30:00,2024-02-15 00:31:00,0.0535351196066835
kcal,2024-02-15 01:00:00,2024-02-15 01:00:00,2024-02-15 01:01:00,0.0869674040537253
kcal,2024-02-15 01:15:00,2024-02-15 01:15:00,2024-02-15 01:16:00,0.0306657348651127
kcal,2024-02-15 01:45:00,2024-02-15 01:45:00,2024-02-15 01:46:00,0.0090550375784092
kcal,2024-02-15 02:15:00,2024-02-15 02:15:00,2024-02-15 02:16:00,0.0123533317008733
kcal,2024-02-15 02:30:00,2024-02-15 02:30:00,2024-02-15 02:31:00,0.0133025762272299
kcal,2024-02-15 03:15:00,2024-02-15 03:15:00,2024-02-15 03:16:00,0.0580011312271651
kcal,2024-02-15 04:00:00,2024-02-15 04:00:00,2024-02-15 04:01:00,0.08295091999761
kcal,2024-02-15 04:15:00,2024-02-15 04:15:00,2024-02-15 04:16:00,0.0356525671456743
kcal,2024-02-15 05:15:00,2024-02-15 05:15:00,2024-02-15 05:16:00,0.0719839321367857
kcal,2024-02-15 05:45:00,2024-02-15 05:45:00,2024-02-15 05:46:00,0.0472511820706264
kcal,2024-02-15 08:15:00,2024-02-15 08:15:00,2024-02-15 08:16:00,0.0038949159788396
kcal,2024-02-15 08:30:00,2024-02-15 08:30:00,2024-02-15 08:31:00,0.0474905620491404
kcal,2024-02-15 09:00:00,2024-02-15 09:00:00,2024-02-15 09:01:00,0.0864215036748442
kcal,2024-02-15 09:45:00,2024-02-15 09:45:00,2024-02-15 09:46:00,0.076960087963472
kcal,2024-02-15 10:45:00,2024-02-15 10:45:00,2024-02-15 10:46:00,0.0129372159596333
kcal,2024-02-15 11:00:00,2024-02-15 11:00:00,2024-02-15 11:01:00,0.0303550129470046
kcal,2024-02-15 11:30:00,2024-02-15 11:30:00,2024-02-15 11:31:00,0.0397431742774021
kcal,2024-02-15 12:00:00,2024-02-15 12:00:00,2024-02-15 12:01:00,0.0963359309308817
kcal,2024-02-15 12:30:00,2024-02-15 12:30:00,2024-02-15 12:31:00,0.0922383024227961
kcal,2024-02-15 13:45:00,2024-02-15 13:45:00,2024-02-15 13:46:00,0.0772933674954205
kcal,2024-02-15 14:00:00,2024-02-15 14:00:00,2024-02-15 14:01:00,0.0785783396587087
kcal,2024-02-15 14:45:00,2024-02-15 14:45:00,2024-02-15 14:46:00,0.0502976530158316
kcal,2024-02-15 15:15:00,2024-02-15 15:15:00,2024-02-15 15:16:00,0.0620761165484081
kcal,2024-02-15 16:30:00,2024-02-15 16:30:00,2024-02-15 16:31:00,0.0304853472832797
kcal,2024-02-15 17:00:00,2024-02-15 17:00:00,2024-02-15 17:01:00,0.0204543745332774
kcal,2024-02-15 18:00:00,2024-02-15 18:00:00,2024-02-15 18:01:00,0.063210514025984
kcal,2024-02-15 18:30:00,2024-02-15 18:30:00,2024-02-15 18:31:00,0.0884954988129764
kcal,2024-02-15 19:15:00,2024-02-15 19:15:00,2024-02-15 19:16:00,0.003651976094264
kcal,2024-02-15 19:45:00,2024-02-15 19:45:00,2024-02-15 19:46:00,0.0031418452040617
kcal,2024-02-15 21:00:00,2024-02-15 21:00:00,2024-02-15 21:01:00,0.0666728610541427
kcal,2024-02-15 22:15:00,2024-02-15 22:15:00,2024-02-15 22:16:00,0.0796737271879643
kcal,2024-02-15 23:15:00,2024-02-15 23:15:00,2024-02-15 23:16:00,0.0110008383244237
kcal,2024-02-15 23:30:00,2024-02-15 23:30:00,2024-02-15 23:31:00,0.0132817114371906
kcal,2024-02-15 23:45:00,2024-02-15 23:45:00,2024-02-15 23:46:00,0.069049736715865
kcal,2024-02-16 00:00:00,2024-02-16 00:00:00,2024-02-16 00:01:00,0.0328521490008014
kcal,2024-02-16 00:15:00,2024-02-16 00:15:00,2024-02-16 00:16:00,0.0607516225475113
kcal,2024-02-16 01:00:00,2024-02-16 01:00:00,2024-02-16 01:01:00,0.0128601318738262
kcal,2024-02-16 01:45:00,2024-02-16 01:45:00,2024-02-16 01:46:00,0.0677594705728926
kcal,2024-02-16 02:30:00,2024-02-16 02:30:00,2024-02-16 02:31:00,0.0912944253910799
kcal,2024-02-16 02:45:00,2024-02-16 02:45:00,2024-02-16 02:46:00,0.0165838171411627
kcal,2024-02-16 03:30:00,2024-02-16 03:30:00,2024-02-16 03:31:00,0.0245776973997751
kcal,2024-02-16 04:00:00,2024-02-16 04:00:00,2024-02-16 04:01:00,0.0234818589666836
kcal,2024-02-16 04:30:00,2024-02-16 04:30:00,2024-02-16 04:31:00,0.0914413321485205
kcal,2024-02-16 05:30:00,2024-02-16 05:30:00,2024-02-16 05:31:00,0.0503223105761588
kcal,2024-02-16 05:45:00,2024-02-16 05:45:00,2024-02-16 05:46:00,0.0019675110472163
kcal,2024-02-16 07:45:00,2024-02-16 07:45:00,2024-02-16 07:46:00,0.024102495949156
kcal,2024-02-16 08:45:00,2024-02-16 08:45:00,2024-02-16 08:46:00,0.012647966103956
kcal,2024-02-16 09:15:00,2024-02-16 09:15:00,2024-02-16 09:16:00,0.0576010038734212
kcal,2024-02-16 09:45:00,2024-02-16 09:45:00,2024-02-16 09:46:00,0.0387626455670647
kcal,2024-02-16 11:00:00,2024-02-16 11:00:00,2024-02-16 11:01:00,0.0564747825848436
kcal,2024-02-16 13:00:00,2024-02-16 13:00:00,2024-02-16 13:01:00,0.0743462624558838
kcal,2024-02-16 13:30:00,2024-02-16 13:30:00,2024-02-16 13:31:00,0.0815944650370132
kcal,2024-02-16 13:45:00,2024-02-16 13:45:00,2024-02-16 13:46:00,0.0905578324644059
kcal,2024-02-16 14:30:00,2024-02-16 14:30:00,2024-02-16 14:31:00,0.0529856024191785
kcal,2024-02-16 15:00:00,2024-02-16 15:00:00,2024-02-16 15:01:00,0.0244947202384002
kcal,2024-02-16 15:15:00,2024-02-16 15:15:00,2024-02-16 15:16:00,0.0835635842004529
kcal,2024-02-16 16:30:00,2024-02-16 16:30:00,2024-02-16 16:31:00,0.0555393714608452
kcal,2024-02-16 17:15:00,2024-02-16 17:15:00,2024-02-16 17:16:00,0.0719578268166591
kcal,2024-02-16 17:30:00,2024-02-16 17:30:00,2024-02-16 17:31:00,0.0399027149880776
kcal,2024-02-16 17:45:00,2024-02-16 17:45:00,2024-02-16 17:46:00,0.0295191287883277
kcal,2024-02-16 19:30:00,2024-02-16 19:30:00,2024-02-16 19:31:00,0.0293431187281183
kcal,2024-02-16 20:15:00,2024-02-16 20:15:00,2024-02-16 20:16:00,0.0941003408785133
kcal,2024-02-16 20:30:00,2024-02-16 20:30:00,2024-02-16 20:31:00,0.049458750262921
kcal,2024-02-16 21:00:00,2024-02-16 21:00:00,2024-02-16 21:01:00,0.0471366412717272
kcal,2024-02-16 22:00:00,2024-02-16 22:00:00,2024-02-16 22:01:00,0.0690013759554735
kcal,2024-02-16 22:15:00,2024-02-16 22:15:00,2024-02-16 22:16:00,0.092397055254462
kcal,2024-02-16 22:30:00,2024-02-16 22:30:00,2024-02-16 22:31:00,0.0583436034638455
kcal,2024-02-16 23:30:00,2024-02-16 23:30:00,2024-02-16 23:31:00,0.0077189782940849
kcal,2024-02-17 01:30:00,2024-02-17 01:30:00,2024-02-17 01:31:00,0.08704500170417
kcal,2024-02-17 02:15:00,2024-02-17 02:15:00,2024-02-17 02:16:00,0.0666808386112441
kcal,2024-02-17 02:30:00,2024-02-17 02:30:00,2024-02-17 02:31:00,0.0702485546329798
kcal,2024-02-17 02:45:00,2024-02-17 02:45:00,2024-02-17 02:46:00,0.0750133279150161
kcal,2024-02-17 03:30:00,2024-02-17 03:30:00,2024-02-17 03:31:00,0.0468012106400828
kcal,2024-02-17 03:45:00,2024-02-17 03:45:00,2024-02-17 03:46:00,0.0342479188643099
kcal,2024-02-17 04:15:00,2024-02-17 04:15:00,2024-02-17 04:16:00,0.0038446842380562
kcal,2024-02-17 05:45:00,2024-02-17 05:45:00,2024-02-17 05:46:00,0.0807016603312086
kcal,2024-02-17 06:00:00,2024-02-17 06:00:00,2024-02-17 06:01:00,0.0413209812118194
kcal,2024-02-17 07:15:00,2024-02-17 07:15:00,2024-02-17 07:16:00,0.0559941485378346
kcal,2024-02-17 07:30:00,2024-02-17 07:30:00,2024-02-17 07:31:00,0.0068901364354964
kcal,2024-02-17 08:00:00,2024-02-17 08:00:00,2024-02-17 08:01:00,0.0445589820093028
kcal,2024-02-17 08:15:00,2024-02-17 08:15:00,2024-02-17 08:16:00,0.0135682628283324
kcal,2024-02-17 08:30:00,2024-02-17 08:30:00,2024-02-17 08:31:00,0.0049213967131285
kcal,2024-02-17 09:45:00,2024-02-17 09:45:00,2024-02-17 09:46:00,0.0217167002582238
kcal,2024-02-17 10:30:00,2024-02-17 10:30:00,2024-02-17 10:31:00,0.0521593505469447
kcal,2024-02-17 12:15:00,2024-02-17 12:15:00,2024-02-17 12:16:00,0.0113089988120182
kcal,2024-02-17 12:30:00,2024-02-17 12:30:00,2024-02-17 12:31:00,0.0828986817319602
kcal,2024-02-17 13:00:00,2024-02-17 13:00:00,2024-02-17 13:01:00,0.03621952485427
kcal,2024-02-17 13:30:00,2024-02-17 13:30:00,2024-02-17 13:31:00,0.0103764447125614
kcal,2024-02-17 13:45:00,2024-02-17 13:45:00,2024-02-17 13:46:00,0.0759057359575317
kcal,2024-02-17 14:00:00,2024-02-17 14:00:00,2024-02-17 14:01:00,0.0914272469327839
kcal,2024-02-17 14:15:00,2024-02-17 14:15:00,2024-02-17 14:16:00,0.087944522803384
kcal,2024-02-17 14:30:00,2024-02-17 14:30:00,2024-02-17 14:31:00,0.0396988277512217
kcal,2024-02-17 15:45:00,2024-02-17 15:45:00,2024-02-17 15:46:00,0.017886307236282
kcal,2024-02-17 17:00:00,2024-02-17 17:00:00,2024-02-17 17:01:00,0.0665032322989633
kcal,2024-02-17 17:15:00,2024-02-17 17:15:00,2024-02-17 17:16:00,0.0736282378847243
kcal,2024-02-17 17:30:00,2024-02-17 17:30:00,2024-02-17 17:31:00,0.0368970582317503
kcal,2024-02-17 18:00:00,2024-02-17 18:00:00,2024-02-17 18:01:00,0.0023356982140235
kcal,2024-02-17 18:45:00,2024-02-17 18:45:00,2024-02-17 18:46:00,0.0300227412809656
kcal,2024-02-17 19:15:00,2024-02-17 19:15:00,2024-02-17 19:16:00,0.0140495216547558
kcal,2024-02-17 20:00:00,2024-02-17 20:00:00,2024-02-17 20:01:00,0.0861016742521237
kcal,2024-02-17 20:15:00,2024-02-17 20:15:00,2024-02-17 20:16:00,0.0052727450713012
kcal,2024-02-17 20:30:00,2024-02-17 20:30:00,2024-02-17 20:31:00,0.035747784336245
kcal,2024-02-17 21:00:00,2024-02-17 21:00:00,2024-02-17 21:01:00,0.0680571050906131
kcal,2024-02-17 22:00:00,2024-02-17 22:00:00,2024-02-17 22:01:00,0.0002196131194968
kcal,2024-02-17 22:15:00,2024-02-17 22:15:00,2024-02-17 22:16:00,0.0502629981402675
kcal,2024-02-17 23:15:00,2024-02-17 23:15:00,2024-02-17 23:16:00,0.0494300811728632
kcal,2024-02-18 00:30:00,2024-02-18 00:30:00,2024-02-18 00:31:00,0.083317731048282
kcal,2024-02-18 00:45:00,2024-02-18 00:45:00,2024-02-18 00:46:00,0.0316176119598802
kcal,2024-02-18 01:30:00,2024-02-18 01:30:00,2024-02-18 01:31:00,0.0551948667205579
kcal,2024-02-18 02:00:00,2024-02-18 02:00:00,2024-02-18 02:01:00,0.0422722011675213
kcal,2024-02-18 03:00:00,2024-02-18 03:00:00,2024-02-18 03:01:00,0.0207312330682388
kcal,2024-02-18 03:15:00,2024-02-18 03:15:00,2024-02-18 03:16:00,0.0638401720274992
kcal,2024-02-18 04:30:00,2024-02-18 04:30:00,2024-02-18 04:31:00,0.0879008995663215
kcal,2024-02-18 04:45:00,2024-02-18 04:45:00,2024-02-18 04:46:00,0.093300851810489
kcal,2024-02-18 05:30:00,2024-02-18 05:30:00,2024-02-18 05:31:00,0.0857001761161916
kcal,2024-02-18 07:45:00,2024-02-18 07:45:00,2024-02-18 07:46:00,0.0483145236572413
kcal,2024-02-18 08:00:00,2024-02-18 08:00:00,2024-02-18 08:01:00,0.009435833657871
kcal,2024-02-18 08:15:00,2024-02-18 08:15:00,2024-02-18 08:16:00,0.0105328340602196
kcal,2024-02-18 08:30:00,2024-02-18 08:30:00,2024-02-18 08:31:00,0.0506520518804802
kcal,2024-02-18 08:45:00,2024-02-18 08:45:00,2024-02-18 08:46:00,0.0432572154449879
kcal,2024-02-18 09:15:00,2024-02-18 09:15:00,2024-02-18 09:16:00,0.0624676880169282
kcal,2024-02-18 09:45:00,2024-02-18 09:45:00,2024-02-18 09:46:00,0.0833484088225171
kcal,2024-02-18 10:00:00,2024-02-18 10:00:00,2024-02-18 10:01:00,0.0239849977853765
kcal,2024-02-18 10:15:00,2024-02-18 10:15:00,2024-02-18 10:16:00,0.0630158885429806
kcal,2024-02-18 11:00:00,2024-02-18 11:00:00,2024-02-18 11:01:00,0.0139462133922982
kcal,2024-02-18 11:15:00,2024-02-18 11:15:00,2024-02-18 11:16:00,0.00701746869634
kcal,2024-02-18 11:45:00,2024-02-18 11:45:00,2024-02-18 11:46:00,0.0519283184202861
kcal,2024-02-18 12:00:00,2024-02-18 12:00:00,2024-02-18 12:01:00,0.027752673035502
kcal,2024-02-18 13:00:00,2024-02-18 13:00:00,2024-02-18 13:01:00,0.0104080016453205
kcal,2024-02-18 13:15:00,2024-02-18 13:15:00,2024-02-18 13:16:00,0.0947736491364623
kcal,2024-02-18 14:00:00,2024-02-18 14:00:00,2024-02-18 14:01:00,0.0822298311189881
kcal,2024-02-18 14:15:00,2024-02-18 14:15:00,2024-02-18 14:16:00,0.0133281414406655
kcal,2024-02-18 15:30:00,2024-02-18 15:30:00,2024-02-18 15:31:00,0.0664701691408475
kcal,2024-02-18 16:15:00,2024-02-18 16:15:00,2024-02-18 16:16:00,0.0015540472519273
kcal,2024-02-18 16:30:00,2024-02-18 16:30:00,2024-02-18 16:31:00,0.0206749486069003
kcal,2024-02-18 18:00:00,2024-02-18 18:00:00,2024-02-18 18:01:00,0.0827131318263127
kcal,2024-02-18 18:30:00,2024-02-18 18:30:00,2024-02-18 18:31:00,0.0389517629149314
kcal,2024-02-18 18:45:00,2024-02-18 18:45:00,2024-02-18 18:46:00,0.0989039443398573
kcal,2024-02-18 19:00:00,2024-02-18 19:00:00,2024-02-18 19:01:00,0.0127931093076271
kcal,2024-02-18 20:30:00,2024-02-18 20:30:00,2024-02-18 20:31:00,0.0174681615316913
kcal,2024-02-18 22:30:00,2024-02-18 22:30:00,2024-02-18 22:31:00,0.0815394718329789
kcal,2024-02-18 22:45:00,2024-02-18 22:45:00,2024-02-18 22:46:00,0.0707376738160888
kcal,2024-02-18 23:30:00,2024-02-18 23:30:00,2024-02-18 23:31:00,0.0128992848241895
kcal,2024-02-18 23:45:00,2024-02-18 23:45:00,2024-02-18 23:46:00,0.0873273150820919
kcal,2024-02-19 00:15:00,2024-02-19 00:15:00,2024-02-19 00:16:00,0.0278404620116023
kcal,2024-02-19 00:45:00,2024-02-19 00:45:00,2024-02-19 00:46:00,0.088087328537761
kcal,2024-02-19 01:00:00,2024-02-19 01:00:00,2024-02-19 01:01:00,0.0861287981897388
kcal,2024-02-19 01:15:00,2024-02-19 01:15:00,2024-02-19 01:16:00,0.0823895719954686
kcal,2024-02-19 02:45:00,2024-02-19 02:45:00,2024-02-19 02:46:00,0.0806668722466822
kcal,2024-02-19 03:00:00,2024-02-19 03:00:00,2024-02-19 03:01:00,0.012274749914518
kcal,2024-02-19 03:30:00,2024-02-19 03:30:00,2024-02-19 03:31:00,0.0352703407032203
kcal,2024-02-19 04:15:00,2024-02-19 04:15:00,2024-02-19 04:16:00,0.0354766927553774
kcal,2024-02-19 05:15:00,2024-02-19 05:15:00,2024-02-19 05:16:00,0.0920273060750978
kcal,2024-02-19 05:30:00,2024-02-19 05:30:00,2024-02-19 05:31:00,0.052692126060966
kcal,2024-02-19 06:00:00,2024-02-19 06:00:00,2024-02-19 06:01:00,0.0354306460066271
kcal,2024-02-19 06:45:00,2024-02-19 06:45:00,2024-02-19 06:46:00,0.0041256237008326
kcal,2024-02-19 07:00:00,2024-02-19 07:00:00,2024-02-19 07:01:00,0.0870011661858027
kcal,2024-02-19 07:15:00,2024-02-19 07:15:00,2024-02-19 07:16:00,0.065528197914372
kcal,2024-02-19 08:00:00,2024-02-19 08:00:00,2024-02-19 08:01:00,0.0079311878287292
kcal,2024-02-19 08:30:00,2024-02-19 08:30:00,2024-02-19 08:31:00,0.0895415304369757
kcal,2024-02-19 08:45:00,2024-02-19 08:45:00,2024-02-19 08:46:00,0.0987083507976883
kcal,2024-02-19 09:00:00,2024-02-19 09:00:00,2024-02-19 09:01:00,0.0401205104270915
kcal,2024-02-19 09:30:00,2024-02-19 09:30:00,2024-02-19 09:31:00,0.0606840957425927
kcal,2024-02-19 10:00:00,2024-02-19 10:00:00,2024-02-19 10:01:00,0.0513681060129756
kcal,2024-02-19 10:15:00,2024-02-19 10:15:00,2024-02-19 10:16:00,0.0971231994438256
kcal,2024-02-19 12:15:00,2024-02-19 12:15:00,2024-02-19 12:16:00,0.046971067398108
kcal,2024-02-19 12:45:00,2024-02-19 12:45:00,2024-02-19 12:46:00,0.0944301470963121
kcal,2024-02-19 13:30:00,2024-02-19 13:30:00,2024-02-19 13:31:00,0.0856112597824338
kcal,2024-02-19 15:45:00,2024-02-19 15:45:00,2024-02-19 15:46:00,0.0624040585269415
kcal,2024-02-19 17:30:00,2024-02-19 17:30:00,2024-02-19 17:31:00,0.0035915452560109
kcal,2024-02-19 18:30:00,2024-02-19 18:30:00,2024-02-19 18:31:00,0.0590622079196631
kcal,2024-02-19 19:00:00,2024-02-19 19:00:00,2024-02-19 19:01:00,0.0966826689689861
kcal,2024-02-19 21:30:00,2024-02-19 21:30:00,2024-02-19 21:31:00,0.0446518757331343
kcal,2024-02-19 22:00:00,2024-02-19 22:00:00,2024-02-19 22:01:00,0.0932476672517883
kcal,2024-02-19 22:30:00,2024-02-19 22:30:00,2024-02-19 22:31:00,0.0202676623944532
kcal,2024-02-19 23:00:00,2024-02-19 23:00:00,2024-02-19 23:01:00,0.0098919621769823
kcal,2024-02-19 23:15:00,2024-02-19 23:15:00,2024-02-19 23:16:00,0.0960916410553938
kcal,2024-02-19 23:30:00,2024-02-19 23:30:00,2024-02-19 23:31:00,0.0786795855004853
kcal,2024-02-20 00:30:00,2024-02-20 00:30:00,2024-02-20 00:31:00,0.0084426350181226
kcal,2024-02-20 01:30:00,2024-02-20 01:30:00,2024-02-20 01:31:00,0.0310102122592628
kcal,2024-02-20 01:45:00,2024-02-20 01:45:00,2024-02-20 01:46:00,0.0936036524926907
kcal,2024-02-20 02:00:00,2024-02-20 02:00:00,2024-02-20 02:01:00,0.0223483165567875
kcal,2024-02-20 02:30:00,2024-02-20 02:30:00,2024-02-20 02:31:00,0.0441549656575467
kcal,2024-02-20 02:45:00,2024-02-20 02:45:00,2024-02-20 02:46:00,0.0963217532215221
kcal,2024-02-20 03:30:00,2024-02-20 03:30:00,2024-02-20 03:31:00,0.0968244178313108
kcal,2024-02-20 04:45:00,2024-02-20 04:45:00,2024-02-20 04:46:00,0.0673750349445339
kcal,2024-02-20 05:00:00,2024-02-20 05:00:00,2024-02-20 05:01:00,0.0341059126489172
kcal,2024-02-20 05:15:00,2024-02-20 05:15:00,2024-02-20 05:16:00,0.0333070357413742
kcal,2024-02-20 06:00:00,2024-02-20 06:00:00,2024-02-20 06:01:00,0.0171723578758894
kcal,2024-02-20 06:15:00,2024-02-20 06:15:00,2024-02-20 06:16:00,0.0046922469825736
kcal,2024-02-20 06:45:00,2024-02-20 06:45:00,2024-02-20 06:46:00,0.0958555285138434
kcal,2024-02-20 07:00:00,2024-02-20 07:00:00,2024-02-20 07:01:00,0.0399781412102255
kcal,2024-02-20 09:30:00,2024-02-20 09:30:00,2024-02-20 09:31:00,0.006645253024405
kcal,2024-02-20 10:00:00,2024-02-20 10:00:00,2024-02-20 10:01:00,0.0043546357568864
kcal,2024-02-20 11:45:00,2024-02-20 11:45:00,2024-02-20 11:46:00,0.0566079521951196
kcal,2024-02-20 12:00:00,2024-02-20 12:00:00,2024-02-20 12:01:00,0.0537465142034368
kcal,2024-02-20 13:15:00,2024-02-20 13:15:00,2024-02-20 13:16:00,0.0087088161892909
kcal,2024-02-20 13:30:00,2024-02-20 13:30:00,2024-02-20 13:31:00,0.0608345480551177
kcal,2024-02-20 14:00:00,2024-02-20 14:00:00,2024-02-20 14:01:00,0.0721907549056057
kcal,2024-02-20 15:45:00,2024-02-20 15:45:00,2024-02-20 15:46:00,0.0976364131533699
kcal,2024-02-20 16:00:00,2024-02-20 16:00:00,2024-02-20 16:01:00,0.0773011847884255
kcal,2024-02-20 16:15:00,2024-02-20 16:15:00,2024-02-20 16:16:00,0.0920837776206915
kcal,2024-02-20 18:00:00,2024-02-20 18:00:00,2024-02-20 18:01:00,0.0333861862048338
kcal,2024-02-20 18:15:00,2024-02-20 18:15:00,2024-02-20 18:16:00,0.0897962868492101
kcal,2024-02-20 19:15:00,2024-02-20 19:15:00,2024-02-20 19:16:00,0.0700952488527307
kcal,2024-02-20 20:15:00,2024-02-20 20:15:00,2024-02-20 20:16:00,0.0545829890604187
kcal,2024-02-20 20:30:00,2024-02-20 20:30:00,2024-02-20 20:31:00,0.0573490723113601
kcal,2024-02-20 20:45:00,2024-02-20 20:45:00,2024-02-20 20:46:00,0.089287118954692
kcal,2024-02-20 21:00:00,2024-02-20 21:00:00,2024-02-20 21:01:00,0.011838644747915
kcal,2024-02-20 21:15:00,2024-02-20 21:15:00,2024-02-20 21:16:00,0.0913032005349173
kcal,2024-02-20 22:30:00,2024-02-20 22:30:00,2024-02-20 22:31:00,0.0011447034072533
kcal,2024-02-20 22:45:00,2024-02-20 22:45:00,2024-02-20 22:46:00,0.0607296914082476
kcal,2024-02-20 23:15:00,2024-02-20 23:15:00,2024-02-20 23:16:00,0.0204197896184513
kcal,2024-02-13 00:00:00,2024-02-13 00:00:00,2024-02-14 00:00:00,177.0
kcal,2024-02-14 00:00:00,2024-02-14 00:00:00,2024-02-15 00:00:00,526.0
kcal,2024-02-15 00:00:00,2024-02-15 00:00:00,2024-02-16 00:00:00,210.0
kcal,2024-02-16 00:00:00,2024-02-16 00:00:00,2024-02-17 00:00:00,480.0
kcal,2024-02-19 00:00:00,2024-02-19 00:00:00,2024-02-20 00:00:00,195.0
