id,timezone_offset,type,unit,timestamp,value
,0,,spo2,2024-01-29 23:49:00+00:00,97.8
,0,,spo2,2024-01-29 23:54:00+00:00,98.6
,0,,spo2,2024-01-29 23:59:00+00:00,99.0
,0,,spo2,2024-01-30 00:04:00+00:00,99.1
,0,,spo2,2024-01-30 00:09:00+00:00,98.1
,0,,spo2,2024-01-30 00:14:00+00:00,98.4
,0,,spo2,2024-01-30 00:19:00+00:00,98.1
,0,,spo2,2024-01-30 00:24:00+00:00,96.4
,0,,spo2,2024-01-30 00:29:00+00:00,97.8
,0,,spo2,2024-01-30 00:34:00+00:00,99.3
,0,,spo2,2024-01-30 00:39:00+00:00,97.9
,0,,spo2,2024-01-30 00:44:00+00:00,97.5
,0,,spo2,2024-01-30 00:49:00+00:00,96.9
,0,,spo2,2024-01-30 00:54:00+00:00,98.0
,0,,spo2,2024-01-30 00:59:00+00:00,98.3
,0,,spo2,2024-01-30 01:04:00+00:00,99.6
,0,,spo2,2024-01-30 01:09:00+00:00,96.2
,0,,spo2,2024-01-30 01:14:00+00:00,96.7
,0,,spo2,2024-01-30 01:19:00+00:00,99.7
,0,,spo2,2024-01-30 01:24:00+00:00,96.9
,0,,spo2,2024-01-30 01:29:00+00:00,99.4
,0,,spo2,2024-01-30 01:34:00+00:00,97.7
,0,,spo2,2024-01-30 01:39:00+00:00,99.7
,0,,spo2,2024-01-30 01:44:00+00:00,99.4
,0,,spo2,2024-01-30 01:49:00+00:00,98.4
,0,,spo2,2024-01-30 01:54:00+00:00,98.2
,0,,spo2,2024-01-30 01:59:00+00:00,96.5
,0,,spo2,2024-01-30 02:04:00+00:00,98.5
,0,,spo2,2024-01-30 02:09:00+00:00,98.0
,0,,spo2,2024-01-30 02:14:00+00:00,97.3
,0,,spo2,2024-01-30 02:19:00+00:00,99.7
,0,,spo2,2024-01-30 02:24:00+00:00,97.8
,0,,spo2,2024-01-30 02:29:00+00:00,96.1
,0,,spo2,2024-01-30 02:34:00+00:00,99.6
,0,,spo2,2024-01-30 02:39:00+00:00,98.6
,0,,spo2,2024-01-30 02:44:00+00:00,96.3
,0,,spo2,2024-01-30 02:49:00+00:00,97.4
,0,,spo2,2024-01-30 02:54:00+00:00,96.2
,0,,spo2,2024-01-30 02:59:00+00:00,98.5
,0,,spo2,2024-01-30 03:04:00+00:00,98.9
,0,,spo2,2024-01-30 03:09:00+00:00,96.2
,0,,spo2,2024-01-30 03:14:00+00:00,99.2
,0,,spo2,2024-01-30 03:19:00+00:00,97.9
,0,,spo2,2024-01-30 03:24:00+00:00,96.8
,0,,spo2,2024-01-30 03:29:00+00:00,99.5
,0,,spo2,2024-01-30 03:34:00+00:00,98.2
,0,,spo2,2024-01-30 03:39:00+00:00,97.5
,0,,spo2,2024-01-30 03:44:00+00:00,99.1
,0,,spo2,2024-01-30 03:49:00+00:00,97.4
,0,,spo2,2024-01-30 03:54:00+00:00,99.3
,0,,spo2,2024-01-30 03:59:00+00:00,99.4
,0,,spo2,2024-01-30 04:04:00+00:00,96.6
,0,,spo2,2024-01-30 04:09:00+00:00,96.2
,0,,spo2,2024-01-30 04:14:00+00:00,99.1
,0,,spo2,2024-01-30 04:19:00+00:00,98.3
,0,,spo2,2024-01-30 04:24:00+00:00,99.1
,0,,spo2,2024-01-30 04:29:00+00:00,99.4
,0,,spo2,2024-01-30 04:34:00+00:00,96.5
,0,,spo2,2024-01-30 04:39:00+00:00,97.3
,0,,spo2,2024-01-30 04:44:00+00:00,99.4
,0,,spo2,2024-01-30 04:49:00+00:00,99.2
,0,,spo2,2024-01-30 04:54:00+00:00,97.9
,0,,spo2,2024-01-30 04:59:00+00:00,98.9
,0,,spo2,2024-01-30 05:04:00+00:00,98.9
,0,,spo2,2024-01-30 05:09:00+00:00,99.2
,0,,spo2,2024-01-30 05:14:00+00:00,97.6
,0,,spo2,2024-01-30 05:19:00+00:00,99.6
,0,,spo2,2024-01-30 05:24:00+00:00,96.5
,0,,spo2,2024-01-30 05:29:00+00:00,99.8
,0,,spo2,2024-01-30 05:34:00+00:00,98.3
,0,,spo2,2024-01-30 05:39:00+00:00,99.3
,0,,spo2,2024-01-30 05:44:00+00:00,97.1
,0,,spo2,2024-01-30 05:49:00+00:00,98.2
,0,,spo2,2024-01-30 05:54:00+00:00,97.2
,0,,spo2,2024-01-30 05:59:00+00:00,97.1
,0,,spo2,2024-01-30 06:04:00+00:00,96.5
,0,,spo2,2024-01-30 06:09:00+00:00,96.9
,0,,spo2,2024-01-30 06:14:00+00:00,98.0
,0,,spo2,2024-01-30 06:19:00+00:00,96.0
,0,,spo2,2024-01-30 22:45:00+00:00,97.3
,0,,spo2,2024-01-30 22:50:00+00:00,99.5
,0,,spo2,2024-01-30 22:55:00+00:00,96.4
,0,,spo2,2024-01-30 23:00:00+00:00,96.0
,0,,spo2,2024-01-30 23:05:00+00:00,97.9
,0,,spo2,2024-01-30 23:10:00+00:00,97.0
,0,,spo2,2024-01-30 23:15:00+00:00,98.9
,0,,spo2,2024-01-30 23:20:00+00:00,99.3
,0,,spo2,2024-01-30 23:25:00+00:00,99.4
,0,,spo2,2024-01-30 23:30:00+00:00,97.9
,0,,spo2,2024-01-30 23:35:00+00:00,97.7
,0,,spo2,2024-01-30 23:40:00+00:00,96.2
,0,,spo2,2024-01-30 23:45:00+00:00,96.8
,0,,spo2,2024-01-30 23:50:00+00:00,97.1
,0,,spo2,2024-01-30 23:55:00+00:00,97.4
,0,,spo2,2024-01-31 00:00:00+00:00,99.2
,0,,spo2,2024-01-31 00:05:00+00:00,99.6
,0,,spo2,2024-01-31 00:10:00+00:00,96.6
,0,,spo2,2024-01-31 00:15:00+00:00,99.5
,0,,spo2,2024-01-31 00:20:00+00:00,97.5
,0,,spo2,2024-01-31 00:25:00+00:00,96.8
,0,,spo2,2024-01-31 00:30:00+00:00,97.9
,0,,spo2,2024-01-31 00:35:00+00:00,96.5
,0,,spo2,2024-01-31 00:40:00+00:00,96.0
,0,,spo2,2024-01-31 00:45:00+00:00,98.0
,0,,spo2,2024-01-31 00:50:00+00:00,96.8
,0,,spo2,2024-01-31 00:55:00+00:00,96.9
,0,,spo2,2024-01-31 01:00:00+00:00,97.1
,0,,spo2,2024-01-31 01:05:00+00:00,98.4
,0,,spo2,2024-01-31 01:10:00+00:00,97.0
,0,,spo2,2024-01-31 01:15:00+00:00,97.0
,0,,spo2,2024-01-31 01:20:00+00:00,96.5
,0,,spo2,2024-01-31 01:25:00+00:00,97.2
,0,,spo2,2024-01-31 01:30:00+00:00,98.8
,0,,spo2,2024-01-31 01:35:00+00:00,99.5
,0,,spo2,2024-01-31 01:40:00+00:00,98.2
,0,,spo2,2024-01-31 01:45:00+00:00,97.2
,0,,spo2,2024-01-31 01:50:00+00:00,97.3
,0,,spo2,2024-01-31 01:55:00+00:00,96.8
,0,,spo2,2024-01-31 02:00:00+00:00,97.4
,0,,spo2,2024-01-31 02:05:00+00:00,97.9
,0,,spo2,2024-01-31 02:10:00+00:00,97.2
,0,,spo2,2024-01-31 02:15:00+00:00,97.1
,0,,spo2,2024-01-31 02:20:00+00:00,98.8
,0,,spo2,2024-01-31 02:25:00+00:00,98.1
,0,,spo2,2024-01-31 02:30:00+00:00,98.9
,0,,spo2,2024-01-31 02:35:00+00:00,97.9
,0,,spo2,2024-01-31 02:40:00+00:00,98.1
,0,,spo2,2024-01-31 02:45:00+00:00,96.9
,0,,spo2,2024-01-31 02:50:00+00:00,99.3
,0,,spo2,2024-01-31 02:55:00+00:00,99.7
,0,,spo2,2024-01-31 03:00:00+00:00,99.2
,0,,spo2,2024-01-31 03:05:00+00:00,98.9
,0,,spo2,2024-01-31 03:10:00+00:00,99.7
,0,,spo2,2024-01-31 03:15:00+00:00,98.4
,0,,spo2,2024-01-31 03:20:00+00:00,97.1
,0,,spo2,2024-01-31 03:25:00+00:00,97.3
,0,,spo2,2024-01-31 03:30:00+00:00,96.3
,0,,spo2,2024-01-31 03:35:00+00:00,98.0
,0,,spo2,2024-01-31 03:40:00+00:00,98.2
,0,,spo2,2024-01-31 03:45:00+00:00,96.6
,0,,spo2,2024-01-31 03:50:00+00:00,99.6
,0,,spo2,2024-01-31 03:55:00+00:00,97.2
,0,,spo2,2024-01-31 04:00:00+00:00,98.8
,0,,spo2,2024-01-31 04:05:00+00:00,96.4
,0,,spo2,2024-01-31 04:10:00+00:00,98.4
,0,,spo2,2024-01-31 04:15:00+00:00,99.7
,0,,spo2,2024-01-31 04:20:00+00:00,99.8
,0,,spo2,2024-01-31 04:25:00+00:00,97.3
,0,,spo2,2024-01-31 04:30:00+00:00,99.4
,0,,spo2,2024-01-31 04:35:00+00:00,98.2
,0,,spo2,2024-01-31 04:40:00+00:00,98.1
,0,,spo2,2024-01-31 04:45:00+00:00,98.9
,0,,spo2,2024-01-31 04:50:00+00:00,99.1
,0,,spo2,2024-01-31 04:55:00+00:00,99.4
,0,,spo2,2024-01-31 05:00:00+00:00,97.6
,0,,spo2,2024-01-31 05:05:00+00:00,99.7
,0,,spo2,2024-01-31 05:10:00+00:00,96.8
,0,,spo2,2024-01-31 05:15:00+00:00,96.6
,0,,spo2,2024-01-31 05:20:00+00:00,98.2
,0,,spo2,2024-01-31 05:25:00+00:00,97.7
,0,,spo2,2024-01-31 05:30:00+00:00,97.4
,0,,spo2,2024-01-31 05:35:00+00:00,99.2
,0,,spo2,2024-01-31 05:40:00+00:00,96.4
,0,,spo2,2024-01-31 05:45:00+00:00,99.8
,0,,spo2,2024-01-31 05:50:00+00:00,96.8
,0,,spo2,2024-01-31 05:55:00+00:00,98.0
,0,,spo2,2024-01-31 06:00:00+00:00,97.1
,0,,spo2,2024-01-31 06:05:00+00:00,99.6
,0,,spo2,2024-01-31 06:10:00+00:00,99.4
,0,,spo2,2024-01-31 06:15:00+00:00,98.6
,0,,spo2,2024-01-31 06:20:00+00:00,96.9
,0,,spo2,2024-01-31 06:25:00+00:00,96.1
,0,,spo2,2024-01-31 06:30:00+00:00,96.3
,0,,spo2,2024-01-31 06:35:00+00:00,96.6
,0,,spo2,2024-01-31 06:40:00+00:00,98.2
,0,,spo2,2024-01-31 06:45:00+00:00,96.0
,0,,spo2,2024-01-31 06:50:00+00:00,96.5
,0,,spo2,2024-01-31 06:55:00+00:00,99.6
,0,,spo2,2024-01-31 07:00:00+00:00,98.1
,0,,spo2,2024-01-31 07:05:00+00:00,99.7
,0,,spo2,2024-01-31 07:10:00+00:00,99.6
,0,,spo2,2024-01-31 07:15:00+00:00,96.4
,0,,spo2,2024-01-31 07:20:00+00:00,97.6
,0,,spo2,2024-01-31 21:47:00+00:00,99.2
,0,,spo2,2024-01-31 21:52:00+00:00,99.3
,0,,spo2,2024-01-31 21:57:00+00:00,99.7
,0,,spo2,2024-01-31 22:02:00+00:00,97.1
,0,,spo2,2024-01-31 22:07:00+00:00,96.3
,0,,spo2,2024-01-31 22:12:00+00:00,98.1
,0,,spo2,2024-01-31 22:17:00+00:00,98.5
,0,,spo2,2024-01-31 22:22:00+00:00,98.8
,0,,spo2,2024-01-31 22:27:00+00:00,98.4
,0,,spo2,2024-01-31 22:32:00+00:00,99.7
,0,,spo2,2024-01-31 22:37:00+00:00,98.0
,0,,spo2,2024-01-31 22:42:00+00:00,98.1
,0,,spo2,2024-01-31 22:47:00+00:00,96.2
,0,,spo2,2024-01-31 22:52:00+00:00,96.0
,0,,spo2,2024-01-31 22:57:00+00:00,99.7
,0,,spo2,2024-01-31 23:02:00+00:00,97.0
,0,,spo2,2024-01-31 23:07:00+00:00,99.5
,0,,spo2,2024-01-31 23:12:00+00:00,96.2
,0,,spo2,2024-01-31 23:17:00+00:00,99.4
,0,,spo2,2024-01-31 23:22:00+00:00,99.3
,0,,spo2,2024-01-31 23:27:00+00:00,96.1
,0,,spo2,2024-01-31 23:32:00+00:00,99.1
,0,,spo2,2024-01-31 23:37:00+00:00,98.3
,0,,spo2,2024-01-31 23:42:00+00:00,97.2
,0,,spo2,2024-01-31 23:47:00+00:00,97.2
,0,,spo2,2024-01-31 23:52:00+00:00,99.2
,0,,spo2,2024-01-31 23:57:00+00:00,99.3
,0,,spo2,2024-02-01 00:02:00+00:00,99.4
,0,,spo2,2024-02-01 00:07:00+00:00,99.8
,0,,spo2,2024-02-01 00:12:00+00:00,96.1
,0,,spo2,2024-02-01 00:17:00+00:00,97.2
,0,,spo2,2024-02-01 00:22:00+00:00,99.5
,0,,spo2,2024-02-01 00:27:00+00:00,98.7
,0,,spo2,2024-02-01 00:32:00+00:00,98.6
,0,,spo2,2024-02-01 00:37:00+00:00,98.5
,0,,spo2,2024-02-01 00:42:00+00:00,96.1
,0,,spo2,2024-02-01 00:47:00+00:00,97.8
,0,,spo2,2024-02-01 00:52:00+00:00,99.1
,0,,spo2,2024-02-01 00:57:00+00:00,97.4
,0,,spo2,2024-02-01 01:02:00+00:00,96.2
,0,,spo2,2024-02-01 01:07:00+00:00,98.3
,0,,spo2,2024-02-01 01:12:00+00:00,97.4
,0,,spo2,2024-02-01 01:17:00+00:00,98.5
,0,,spo2,2024-02-01 01:22:00+00:00,99.6
,0,,spo2,2024-02-01 01:27:00+00:00,97.9
,0,,spo2,2024-02-01 01:32:00+00:00,96.1
,0,,spo2,2024-02-01 01:37:00+00:00,97.8
,0,,spo2,2024-02-01 01:42:00+00:00,98.8
,0,,spo2,2024-02-01 01:47:00+00:00,99.4
,0,,spo2,2024-02-01 01:52:00+00:00,96.1
,0,,spo2,2024-02-01 01:57:00+00:00,96.1
,0,,spo2,2024-02-01 02:02:00+00:00,97.3
,0,,spo2,2024-02-01 02:07:00+00:00,99.7
,0,,spo2,2024-02-01 02:12:00+00:00,97.1
,0,,spo2,2024-02-01 02:17:00+00:00,96.3
,0,,spo2,2024-02-01 02:22:00+00:00,99.8
,0,,spo2,2024-02-01 02:27:00+00:00,97.2
,0,,spo2,2024-02-01 02:32:00+00:00,99.8
,0,,spo2,2024-02-01 02:37:00+00:00,98.3
,0,,spo2,2024-02-01 02:42:00+00:00,97.7
,0,,spo2,2024-02-01 02:47:00+00:00,97.6
,0,,spo2,2024-02-01 02:52:00+00:00,99.0
,0,,spo2,2024-02-01 02:57:00+00:00,98.7
,0,,spo2,2024-02-01 03:02:00+00:00,99.1
,0,,spo2,2024-02-01 03:07:00+00:00,98.5
,0,,spo2,2024-02-01 03:12:00+00:00,97.0
,0,,spo2,2024-02-01 03:17:00+00:00,98.6
,0,,spo2,2024-02-01 03:22:00+00:00,99.1
,0,,spo2,2024-02-01 03:27:00+00:00,98.6
,0,,spo2,2024-02-01 03:32:00+00:00,98.6
,0,,spo2,2024-02-01 03:37:00+00:00,99.2
,0,,spo2,2024-02-01 03:42:00+00:00,96.6
,0,,spo2,2024-02-01 03:47:00+00:00,96.7
,0,,spo2,2024-02-01 03:52:00+00:00,99.6
,0,,spo2,2024-02-01 03:57:00+00:00,96.7
,0,,spo2,2024-02-01 04:02:00+00:00,98.6
,0,,spo2,2024-02-01 04:07:00+00:00,98.2
,0,,spo2,2024-02-01 04:12:00+00:00,99.3
,0,,spo2,2024-02-01 04:17:00+00:00,98.0
,0,,spo2,2024-02-01 04:22:00+00:00,99.4
,0,,spo2,2024-02-01 04:27:00+00:00,96.4
,0,,spo2,2024-02-01 04:32:00+00:00,97.7
,0,,spo2,2024-02-01 04:37:00+00:00,98.4
,0,,spo2,2024-02-01 04:42:00+00:00,97.8
,0,,spo2,2024-02-01 04:47:00+00:00,99.7
,0,,spo2,2024-02-01 04:52:00+00:00,96.6
,0,,spo2,2024-02-01 04:57:00+00:00,98.7
,0,,spo2,2024-02-01 05:02:00+00:00,96.1
,0,,spo2,2024-02-01 05:07:00+00:00,96.9
,0,,spo2,2024-02-01 05:12:00+00:00,97.1
,0,,spo2,2024-02-01 05:17:00+00:00,98.9
,0,,spo2,2024-02-01 05:22:00+00:00,97.7
,0,,spo2,2024-02-01 05:27:00+00:00,99.3
,0,,spo2,2024-02-01 05:32:00+00:00,96.4
,0,,spo2,2024-02-01 05:37:00+00:00,99.4
,0,,spo2,2024-02-01 05:42:00+00:00,99.5
,0,,spo2,2024-02-01 05:47:00+00:00,96.8
,0,,spo2,2024-02-01 05:52:00+00:00,97.2
,0,,spo2,2024-02-01 05:57:00+00:00,97.5
,0,,spo2,2024-02-01 06:02:00+00:00,96.6
,0,,spo2,2024-02-01 06:07:00+00:00,96.4
,0,,spo2,2024-02-01 06:12:00+00:00,98.7
,0,,spo2,2024-02-01 06:17:00+00:00,99.8
,0,,spo2,2024-02-01 06:22:00+00:00,97.3
,0,,spo2,2024-02-01 06:27:00+00:00,96.0
,0,,spo2,2024-02-01 06:32:00+00:00,99.4
,0,,spo2,2024-02-01 06:37:00+00:00,97.4
,0,,spo2,2024-02-01 06:42:00+00:00,96.2
,0,,spo2,2024-02-01 06:47:00+00:00,96.4
,0,,spo2,2024-02-01 06:52:00+00:00,96.3
,0,,spo2,2024-02-01 06:57:00+00:00,97.7
,0,,spo2,2024-02-01 07:02:00+00:00,96.3
,0,,spo2,2024-02-01 07:07:00+00:00,98.9
,0,,spo2,2024-02-01 07:12:00+00:00,97.6
,0,,spo2,2024-02-01 07:17:00+00:00,97.9
,0,,spo2,2024-02-01 07:22:00+00:00,97.4
,0,,spo2,2024-02-01 07:27:00+00:00,96.6
,0,,spo2,2024-02-01 07:32:00+00:00,98.3
,0,,spo2,2024-02-01 07:37:00+00:00,96.5
,0,,spo2,2024-02-01 07:42:00+00:00,99.7
,0,,spo2,2024-02-01 07:47:00+00:00,97.9
,0,,spo2,2024-02-01 07:52:00+00:00,97.6
,0,,spo2,2024-02-01 07:57:00+00:00,97.4
,0,,spo2,2024-02-01 08:02:00+00:00,96.5
,0,,spo2,2024-02-01 08:07:00+00:00,97.9
,0,,spo2,2024-02-01 08:12:00+00:00,99.8
,0,,spo2,2024-02-01 08:17:00+00:00,99.4
,0,,spo2,2024-02-01 23:47:00+00:00,96.5
,0,,spo2,2024-02-01 23:52:00+00:00,97.0
,0,,spo2,2024-02-01 23:57:00+00:00,99.0
,0,,spo2,2024-02-02 00:02:00+00:00,98.6
,0,,spo2,2024-02-02 00:07:00+00:00,98.8
,0,,spo2,2024-02-02 00:12:00+00:00,98.7
,0,,spo2,2024-02-02 00:17:00+00:00,97.6
,0,,spo2,2024-02-02 00:22:00+00:00,99.5
,0,,spo2,2024-02-02 00:27:00+00:00,98.8
,0,,spo2,2024-02-02 00:32:00+00:00,98.3
,0,,spo2,2024-02-02 00:37:00+00:00,99.4
,0,,spo2,2024-02-02 00:42:00+00:00,98.1
,0,,spo2,2024-02-02 00:47:00+00:00,98.6
,0,,spo2,2024-02-02 00:52:00+00:00,96.2
,0,,spo2,2024-02-02 00:57:00+00:00,97.6
,0,,spo2,2024-02-02 01:02:00+00:00,97.1
,0,,spo2,2024-02-02 01:07:00+00:00,99.8
,0,,spo2,2024-02-02 01:12:00+00:00,97.0
,0,,spo2,2024-02-02 01:17:00+00:00,99.3
,0,,spo2,2024-02-02 01:22:00+00:00,97.8
,0,,spo2,2024-02-02 01:27:00+00:00,98.7
,0,,spo2,2024-02-02 01:32:00+00:00,97.2
,0,,spo2,2024-02-02 01:37:00+00:00,96.3
,0,,spo2,2024-02-02 01:42:00+00:00,98.3
,0,,spo2,2024-02-02 01:47:00+00:00,97.4
,0,,spo2,2024-02-02 01:52:00+00:00,99.4
,0,,spo2,2024-02-02 01:57:00+00:00,97.9
,0,,spo2,2024-02-02 02:02:00+00:00,98.2
,0,,spo2,2024-02-02 02:07:00+00:00,96.7
,0,,spo2,2024-02-02 02:12:00+00:00,98.4
,0,,spo2,2024-02-02 02:17:00+00:00,98.9
,0,,spo2,2024-02-02 02:22:00+00:00,99.0
,0,,spo2,2024-02-02 02:27:00+00:00,97.2
,0,,spo2,2024-02-02 02:32:00+00:00,98.0
,0,,spo2,2024-02-02 02:37:00+00:00,96.6
,0,,spo2,2024-02-02 02:42:00+00:00,96.0
,0,,spo2,2024-02-02 02:47:00+00:00,97.1
,0,,spo2,2024-02-02 02:52:00+00:00,96.5
,0,,spo2,2024-02-02 02:57:00+00:00,98.7
,0,,spo2,2024-02-02 03:02:00+00:00,98.1
,0,,spo2,2024-02-02 03:07:00+00:00,98.9
,0,,spo2,2024-02-02 03:12:00+00:00,99.1
,0,,spo2,2024-02-02 03:17:00+00:00,97.3
,0,,spo2,2024-02-02 03:22:00+00:00,97.7
,0,,spo2,2024-02-02 03:27:00+00:00,98.0
,0,,spo2,2024-02-02 03:32:00+00:00,96.0
,0,,spo2,2024-02-02 03:37:00+00:00,99.3
,0,,spo2,2024-02-02 03:42:00+00:00,96.7
,0,,spo2,2024-02-02 03:47:00+00:00,97.2
,0,,spo2,2024-02-02 03:52:00+00:00,97.8
,0,,spo2,2024-02-02 03:57:00+00:00,97.2
,0,,spo2,2024-02-02 04:02:00+00:00,99.0
,0,,spo2,2024-02-02 04:07:00+00:00,98.2
,0,,spo2,2024-02-02 04:12:00+00:00,96.5
,0,,spo2,2024-02-02 04:17:00+00:00,97.4
,0,,spo2,2024-02-02 04:22:00+00:00,99.4
,0,,spo2,2024-02-02 04:27:00+00:00,97.6
,0,,spo2,2024-02-02 04:32:00+00:00,97.4
,0,,spo2,2024-02-02 04:37:00+00:00,96.6
,0,,spo2,2024-02-02 04:42:00+00:00,97.7
,0,,spo2,2024-02-02 04:47:00+00:00,99.3
,0,,spo2,2024-02-02 04:52:00+00:00,96.6
,0,,spo2,2024-02-02 04:57:00+00:00,96.6
,0,,spo2,2024-02-02 05:02:00+00:00,98.2
,0,,spo2,2024-02-02 05:07:00+00:00,99.1
,0,,spo2,2024-02-02 05:12:00+00:00,99.7
,0,,spo2,2024-02-02 05:17:00+00:00,98.0
,0,,spo2,2024-02-02 05:22:00+00:00,97.6
,0,,spo2,2024-02-02 05:27:00+00:00,97.2
,0,,spo2,2024-02-02 05:32:00+00:00,97.9
,0,,spo2,2024-02-02 05:37:00+00:00,98.2
,0,,spo2,2024-02-02 05:42:00+00:00,96.4
,0,,spo2,2024-02-02 05:47:00+00:00,98.3
,0,,spo2,2024-02-02 05:52:00+00:00,98.4
,0,,spo2,2024-02-02 05:57:00+00:00,99.4
,0,,spo2,2024-02-02 06:02:00+00:00,99.3
,0,,spo2,2024-02-02 06:07:00+00:00,97.5
,0,,spo2,2024-02-02 06:12:00+00:00,96.8
,0,,spo2,2024-02-02 06:17:00+00:00,98.2
,0,,spo2,2024-02-02 23:50:00+00:00,97.2
,0,,spo2,2024-02-02 23:55:00+00:00,99.7
,0,,spo2,2024-02-03 00:00:00+00:00,99.1
,0,,spo2,2024-02-03 00:05:00+00:00,96.7
,0,,spo2,2024-02-03 00:10:00+00:00,99.2
,0,,spo2,2024-02-03 00:15:00+00:00,96.2
,0,,spo2,2024-02-03 00:20:00+00:00,98.8
,0,,spo2,2024-02-03 00:25:00+00:00,97.4
,0,,spo2,2024-02-03 00:30:00+00:00,98.9
,0,,spo2,2024-02-03 00:35:00+00:00,97.2
,0,,spo2,2024-02-03 00:40:00+00:00,98.2
,0,,spo2,2024-02-03 00:45:00+00:00,96.7
,0,,spo2,2024-02-03 00:50:00+00:00,96.8
,0,,spo2,2024-02-03 00:55:00+00:00,96.3
,0,,spo2,2024-02-03 01:00:00+00:00,99.4
,0,,spo2,2024-02-03 01:05:00+00:00,97.2
,0,,spo2,2024-02-03 01:10:00+00:00,98.3
,0,,spo2,2024-02-03 01:15:00+00:00,98.4
,0,,spo2,2024-02-03 01:20:00+00:00,99.6
,0,,spo2,2024-02-03 01:25:00+00:00,96.7
,0,,spo2,2024-02-03 01:30:00+00:00,96.1
,0,,spo2,2024-02-03 01:35:00+00:00,97.2
,0,,spo2,2024-02-03 01:40:00+00:00,97.4
,0,,spo2,2024-02-03 01:45:00+00:00,97.2
,0,,spo2,2024-02-03 01:50:00+00:00,98.1
,0,,spo2,2024-02-03 01:55:00+00:00,98.2
,0,,spo2,2024-02-03 02:00:00+00:00,97.9
,0,,spo2,2024-02-03 02:05:00+00:00,96.3
,0,,spo2,2024-02-03 02:10:00+00:00,99.8
,0,,spo2,2024-02-03 02:15:00+00:00,97.0
,0,,spo2,2024-02-03 02:20:00+00:00,98.8
,0,,spo2,2024-02-03 02:25:00+00:00,96.2
,0,,spo2,2024-02-03 02:30:00+00:00,98.3
,0,,spo2,2024-02-03 02:35:00+00:00,98.5
,0,,spo2,2024-02-03 02:40:00+00:00,99.1
,0,,spo2,2024-02-03 02:45:00+00:00,98.8
,0,,spo2,2024-02-03 02:50:00+00:00,98.0
,0,,spo2,2024-02-03 02:55:00+00:00,99.6
,0,,spo2,2024-02-03 03:00:00+00:00,96.2
,0,,spo2,2024-02-03 03:05:00+00:00,98.8
,0,,spo2,2024-02-03 03:10:00+00:00,96.4
,0,,spo2,2024-02-03 03:15:00+00:00,96.9
,0,,spo2,2024-02-03 03:20:00+00:00,97.8
,0,,spo2,2024-02-03 03:25:00+00:00,96.1
,0,,spo2,2024-02-03 03:30:00+00:00,97.5
,0,,spo2,2024-02-03 03:35:00+00:00,97.7
,0,,spo2,2024-02-03 03:40:00+00:00,99.1
,0,,spo2,2024-02-03 03:45:00+00:00,98.7
,0,,spo2,2024-02-03 03:50:00+00:00,97.1
,0,,spo2,2024-02-03 03:55:00+00:00,96.0
,0,,spo2,2024-02-03 04:00:00+00:00,97.4
,0,,spo2,2024-02-03 04:05:00+00:00,98.8
,0,,spo2,2024-02-03 04:10:00+00:00,98.4
,0,,spo2,2024-02-03 04:15:00+00:00,99.7
,0,,spo2,2024-02-03 04:20:00+00:00,96.9
,0,,spo2,2024-02-03 04:25:00+00:00,97.1
,0,,spo2,2024-02-03 04:30:00+00:00,97.7
,0,,spo2,2024-02-03 04:35:00+00:00,98.2
,0,,spo2,2024-02-03 04:40:00+00:00,99.7
,0,,spo2,2024-02-03 04:45:00+00:00,96.8
,0,,spo2,2024-02-03 04:50:00+00:00,98.2
,0,,spo2,2024-02-03 04:55:00+00:00,98.0
,0,,spo2,2024-02-03 05:00:00+00:00,98.3
,0,,spo2,2024-02-03 05:05:00+00:00,98.1
,0,,spo2,2024-02-03 05:10:00+00:00,98.9
,0,,spo2,2024-02-03 05:15:00+00:00,96.1
,0,,spo2,2024-02-03 05:20:00+00:00,97.0
,0,,spo2,2024-02-03 05:25:00+00:00,97.7
,0,,spo2,2024-02-03 05:30:00+00:00,97.4
,0,,spo2,2024-02-03 05:35:00+00:00,96.6
,0,,spo2,2024-02-03 05:40:00+00:00,99.4
,0,,spo2,2024-02-03 05:45:00+00:00,99.4
,0,,spo2,2024-02-03 05:50:00+00:00,99.4
,0,,spo2,2024-02-03 05:55:00+00:00,96.1
,0,,spo2,2024-02-03 06:00:00+00:00,97.1
,0,,spo2,2024-02-03 06:05:00+00:00,96.9
,0,,spo2,2024-02-03 06:10:00+00:00,98.9
,0,,spo2,2024-02-03 06:15:00+00:00,96.2
,0,,spo2,2024-02-03 22:40:00+00:00,99.5
,0,,spo2,2024-02-03 22:45:00+00:00,98.4
,0,,spo2,2024-02-03 22:50:00+00:00,96.0
,0,,spo2,2024-02-03 22:55:00+00:00,96.6
,0,,spo2,2024-02-03 23:00:00+00:00,96.4
,0,,spo2,2024-02-03 23:05:00+00:00,97.4
,0,,spo2,2024-02-03 23:10:00+00:00,97.1
,0,,spo2,2024-02-03 23:15:00+00:00,96.8
,0,,spo2,2024-02-03 23:20:00+00:00,97.9
,0,,spo2,2024-02-03 23:25:00+00:00,97.1
,0,,spo2,2024-02-03 23:30:00+00:00,99.2
,0,,spo2,2024-02-03 23:35:00+00:00,97.4
,0,,spo2,2024-02-03 23:40:00+00:00,97.9
,0,,spo2,2024-02-03 23:45:00+00:00,99.6
,0,,spo2,2024-02-03 23:50:00+00:00,98.6
,0,,spo2,2024-02-03 23:55:00+00:00,96.5
,0,,spo2,2024-02-04 00:00:00+00:00,96.3
,0,,spo2,2024-02-04 00:05:00+00:00,97.9
,0,,spo2,2024-02-04 00:10:00+00:00,98.4
,0,,spo2,2024-02-04 00:15:00+00:00,96.6
,0,,spo2,2024-02-04 00:20:00+00:00,99.5
,0,,spo2,2024-02-04 00:25:00+00:00,96.8
,0,,spo2,2024-02-04 00:30:00+00:00,98.7
,0,,spo2,2024-02-04 00:35:00+00:00,98.4
,0,,spo2,2024-02-04 00:40:00+00:00,98.2
,0,,spo2,2024-02-04 00:45:00+00:00,97.9
,0,,spo2,2024-02-04 00:50:00+00:00,99.8
,0,,spo2,2024-02-04 00:55:00+00:00,98.7
,0,,spo2,2024-02-04 01:00:00+00:00,99.2
,0,,spo2,2024-02-04 01:05:00+00:00,98.6
,0,,spo2,2024-02-04 01:10:00+00:00,98.9
,0,,spo2,2024-02-04 01:15:00+00:00,99.4
,0,,spo2,2024-02-04 01:20:00+00:00,96.7
,0,,spo2,2024-02-04 01:25:00+00:00,98.6
,0,,spo2,2024-02-04 01:30:00+00:00,97.1
,0,,spo2,2024-02-04 01:35:00+00:00,98.7
,0,,spo2,2024-02-04 01:40:00+00:00,99.7
,0,,spo2,2024-02-04 01:45:00+00:00,96.9
,0,,spo2,2024-02-04 01:50:00+00:00,98.0
,0,,spo2,2024-02-04 01:55:00+00:00,96.3
,0,,spo2,2024-02-04 02:00:00+00:00,96.5
,0,,spo2,2024-02-04 02:05:00+00:00,96.1
,0,,spo2,2024-02-04 02:10:00+00:00,98.2
,0,,spo2,2024-02-04 02:15:00+00:00,97.7
,0,,spo2,2024-02-04 02:20:00+00:00,97.3
,0,,spo2,2024-02-04 02:25:00+00:00,98.6
,0,,spo2,2024-02-04 02:30:00+00:00,96.3
,0,,spo2,2024-02-04 02:35:00+00:00,96.8
,0,,spo2,2024-02-04 02:40:00+00:00,97.5
,0,,spo2,2024-02-04 02:45:00+00:00,99.5
,0,,spo2,2024-02-04 02:50:00+00:00,97.2
,0,,spo2,2024-02-04 02:55:00+00:00,97.4
,0,,spo2,2024-02-04 03:00:00+00:00,96.5
,0,,spo2,2024-02-04 03:05:00+00:00,97.5
,0,,spo2,2024-02-04 03:10:00+00:00,97.0
,0,,spo2,2024-02-04 03:15:00+00:00,98.4
,0,,spo2,2024-02-04 03:20:00+00:00,98.9
,0,,spo2,2024-02-04 03:25:00+00:00,99.3
,0,,spo2,2024-02-04 03:30:00+00:00,98.9
,0,,spo2,2024-02-04 03:35:00+00:00,98.6
,0,,spo2,2024-02-04 03:40:00+00:00,99.8
,0,,spo2,2024-02-04 03:45:00+00:00,98.1
,0,,spo2,2024-02-04 03:50:00+00:00,99.6
,0,,spo2,2024-02-04 03:55:00+00:00,96.6
,0,,spo2,2024-02-04 04:00:00+00:00,98.4
,0,,spo2,2024-02-04 04:05:00+00:00,99.0
,0,,spo2,2024-02-04 04:10:00+00:00,99.5
,0,,spo2,2024-02-04 04:15:00+00:00,97.2
,0,,spo2,2024-02-04 04:20:00+00:00,99.8
,0,,spo2,2024-02-04 04:25:00+00:00,97.1
,0,,spo2,2024-02-04 04:30:00+00:00,98.9
,0,,spo2,2024-02-04 04:35:00+00:00,96.0
,0,,spo2,2024-02-04 04:40:00+00:00,98.1
,0,,spo2,2024-02-04 04:45:00+00:00,96.6
,0,,spo2,2024-02-04 04:50:00+00:00,98.2
,0,,spo2,2024-02-04 04:55:00+00:00,96.7
,0,,spo2,2024-02-04 05:00:00+00:00,98.1
,0,,spo2,2024-02-04 05:05:00+00:00,96.5
,0,,spo2,2024-02-04 05:10:00+00:00,96.2
,0,,spo2,2024-02-04 05:15:00+00:00,98.7
,0,,spo2,2024-02-04 05:20:00+00:00,98.4
,0,,spo2,2024-02-04 05:25:00+00:00,97.9
,0,,spo2,2024-02-04 05:30:00+00:00,97.0
,0,,spo2,2024-02-04 05:35:00+00:00,99.3
,0,,spo2,2024-02-04 05:40:00+00:00,98.7
,0,,spo2,2024-02-04 05:45:00+00:00,98.6
,0,,spo2,2024-02-04 05:50:00+00:00,98.0
,0,,spo2,2024-02-04 05:55:00+00:00,99.7
,0,,spo2,2024-02-04 06:00:00+00:00,96.7
,0,,spo2,2024-02-04 06:05:00+00:00,98.3
,0,,spo2,2024-02-04 06:10:00+00:00,97.2
,0,,spo2,2024-02-04 06:15:00+00:00,98.3
,0,,spo2,2024-02-04 06:20:00+00:00,96.1
,0,,spo2,2024-02-04 06:25:00+00:00,98.6
,0,,spo2,2024-02-04 06:30:00+00:00,98.4
,0,,spo2,2024-02-04 06:35:00+00:00,98.7
,0,,spo2,2024-02-04 06:40:00+00:00,96.3
,0,,spo2,2024-02-04 06:45:00+00:00,97.1
,0,,spo2,2024-02-04 06:50:00+00:00,99.8
,0,,spo2,2024-02-04 06:55:00+00:00,97.3
,0,,spo2,2024-02-04 07:00:00+00:00,97.7
,0,,spo2,2024-02-04 07:05:00+00:00,97.1
,0,,spo2,2024-02-04 07:10:00+00:00,96.8
,0,,spo2,2024-02-04 07:15:00+00:00,96.0
,0,,spo2,2024-02-04 07:20:00+00:00,96.1
,0,,spo2,2024-02-04 07:25:00+00:00,99.7
,0,,spo2,2024-02-04 22:52:00+00:00,98.1
,0,,spo2,2024-02-04 22:57:00+00:00,99.0
,0,,spo2,2024-02-04 23:02:00+00:00,98.3
,0,,spo2,2024-02-04 23:07:00+00:00,99.7
,0,,spo2,2024-02-04 23:12:00+00:00,98.1
,0,,spo2,2024-02-04 23:17:00+00:00,99.7
,0,,spo2,2024-02-04 23:22:00+00:00,96.3
,0,,spo2,2024-02-04 23:27:00+00:00,96.5
,0,,spo2,2024-02-04 23:32:00+00:00,99.0
,0,,spo2,2024-02-04 23:37:00+00:00,99.6
,0,,spo2,2024-02-04 23:42:00+00:00,99.4
,0,,spo2,2024-02-04 23:47:00+00:00,96.9
,0,,spo2,2024-02-04 23:52:00+00:00,98.9
,0,,spo2,2024-02-04 23:57:00+00:00,99.1
,0,,spo2,2024-02-05 00:02:00+00:00,99.3
,0,,spo2,2024-02-05 00:07:00+00:00,97.6
,0,,spo2,2024-02-05 00:12:00+00:00,97.8
,0,,spo2,2024-02-05 00:17:00+00:00,97.2
,0,,spo2,2024-02-05 00:22:00+00:00,97.2
,0,,spo2,2024-02-05 00:27:00+00:00,99.6
,0,,spo2,2024-02-05 00:32:00+00:00,99.2
,0,,spo2,2024-02-05 00:37:00+00:00,97.8
,0,,spo2,2024-02-05 00:42:00+00:00,98.5
,0,,spo2,2024-02-05 00:47:00+00:00,99.5
,0,,spo2,2024-02-05 00:52:00+00:00,96.5
,0,,spo2,2024-02-05 00:57:00+00:00,98.0
,0,,spo2,2024-02-05 01:02:00+00:00,96.3
,0,,spo2,2024-02-05 01:07:00+00:00,98.8
,0,,spo2,2024-02-05 01:12:00+00:00,97.4
,0,,spo2,2024-02-05 01:17:00+00:00,96.7
,0,,spo2,2024-02-05 01:22:00+00:00,97.9
,0,,spo2,2024-02-05 01:27:00+00:00,98.4
,0,,spo2,2024-02-05 01:32:00+00:00,98.7
,0,,spo2,2024-02-05 01:37:00+00:00,99.8
,0,,spo2,2024-02-05 01:42:00+00:00,99.7
,0,,spo2,2024-02-05 01:47:00+00:00,98.6
,0,,spo2,2024-02-05 01:52:00+00:00,96.8
,0,,spo2,2024-02-05 01:57:00+00:00,97.3
,0,,spo2,2024-02-05 02:02:00+00:00,97.6
,0,,spo2,2024-02-05 02:07:00+00:00,99.2
,0,,spo2,2024-02-05 02:12:00+00:00,99.2
,0,,spo2,2024-02-05 02:17:00+00:00,98.3
,0,,spo2,2024-02-05 02:22:00+00:00,98.2
,0,,spo2,2024-02-05 02:27:00+00:00,98.8
,0,,spo2,2024-02-05 02:32:00+00:00,97.3
,0,,spo2,2024-02-05 02:37:00+00:00,99.1
,0,,spo2,2024-02-05 02:42:00+00:00,99.2
,0,,spo2,2024-02-05 02:47:00+00:00,99.5
,0,,spo2,2024-02-05 02:52:00+00:00,96.2
,0,,spo2,2024-02-05 02:57:00+00:00,98.7
,0,,spo2,2024-02-05 03:02:00+00:00,98.6
,0,,spo2,2024-02-05 03:07:00+00:00,96.4
,0,,spo2,2024-02-05 03:12:00+00:00,97.7
,0,,spo2,2024-02-05 03:17:00+00:00,98.9
,0,,spo2,2024-02-05 03:22:00+00:00,97.8
,0,,spo2,2024-02-05 03:27:00+00:00,99.0
,0,,spo2,2024-02-05 03:32:00+00:00,96.5
,0,,spo2,2024-02-05 03:37:00+00:00,98.1
,0,,spo2,2024-02-05 03:42:00+00:00,99.5
,0,,spo2,2024-02-05 03:47:00+00:00,97.2
,0,,spo2,2024-02-05 03:52:00+00:00,96.1
,0,,spo2,2024-02-05 03:57:00+00:00,99.0
,0,,spo2,2024-02-05 04:02:00+00:00,99.7
,0,,spo2,2024-02-05 04:07:00+00:00,99.4
,0,,spo2,2024-02-05 04:12:00+00:00,99.4
,0,,spo2,2024-02-05 04:17:00+00:00,96.3
,0,,spo2,2024-02-05 04:22:00+00:00,99.1
,0,,spo2,2024-02-05 04:27:00+00:00,98.1
,0,,spo2,2024-02-05 04:32:00+00:00,99.4
,0,,spo2,2024-02-05 04:37:00+00:00,97.9
,0,,spo2,2024-02-05 04:42:00+00:00,98.7
,0,,spo2,2024-02-05 04:47:00+00:00,98.1
,0,,spo2,2024-02-05 04:52:00+00:00,98.8
,0,,spo2,2024-02-05 04:57:00+00:00,98.7
,0,,spo2,2024-02-05 05:02:00+00:00,99.4
,0,,spo2,2024-02-05 05:07:00+00:00,97.8
,0,,spo2,2024-02-05 05:12:00+00:00,99.5
,0,,spo2,2024-02-05 05:17:00+00:00,96.4
,0,,spo2,2024-02-05 05:22:00+00:00,96.8
,0,,spo2,2024-02-05 05:27:00+00:00,98.1
,0,,spo2,2024-02-05 05:32:00+00:00,98.0
,0,,spo2,2024-02-05 05:37:00+00:00,96.5
,0,,spo2,2024-02-05 05:42:00+00:00,98.3
,0,,spo2,2024-02-05 05:47:00+00:00,96.3
,0,,spo2,2024-02-05 05:52:00+00:00,97.7
,0,,spo2,2024-02-05 05:57:00+00:00,97.9
,0,,spo2,2024-02-05 06:02:00+00:00,99.8
,0,,spo2,2024-02-05 06:07:00+00:00,98.6
,0,,spo2,2024-02-05 06:12:00+00:00,98.9
,0,,spo2,2024-02-05 06:17:00+00:00,96.8
,0,,spo2,2024-02-05 06:22:00+00:00,99.2
,0,,spo2,2024-02-05 06:27:00+00:00,99.6
,0,,spo2,2024-02-05 06:32:00+00:00,96.2
,0,,spo2,2024-02-05 06:37:00+00:00,97.0
,0,,spo2,2024-02-05 06:42:00+00:00,98.2
,0,,spo2,2024-02-05 06:47:00+00:00,98.6
,0,,spo2,2024-02-05 06:52:00+00:00,97.5
,0,,spo2,2024-02-05 06:57:00+00:00,96.0
,0,,spo2,2024-02-05 07:02:00+00:00,98.3
,0,,spo2,2024-02-05 07:07:00+00:00,99.2
,0,,spo2,2024-02-05 07:12:00+00:00,96.5
,0,,spo2,2024-02-05 21:50:00+00:00,98.3
,0,,spo2,2024-02-05 21:55:00+00:00,97.7
,0,,spo2,2024-02-05 22:00:00+00:00,97.5
,0,,spo2,2024-02-05 22:05:00+00:00,99.1
,0,,spo2,2024-02-05 22:10:00+00:00,97.8
,0,,spo2,2024-02-05 22:15:00+00:00,98.4
,0,,spo2,2024-02-05 22:20:00+00:00,97.4
,0,,spo2,2024-02-05 22:25:00+00:00,96.9
,0,,spo2,2024-02-05 22:30:00+00:00,97.8
,0,,spo2,2024-02-05 22:35:00+00:00,99.3
,0,,spo2,2024-02-05 22:40:00+00:00,96.6
,0,,spo2,2024-02-05 22:45:00+00:00,98.2
,0,,spo2,2024-02-05 22:50:00+00:00,99.5
,0,,spo2,2024-02-05 22:55:00+00:00,97.5
,0,,spo2,2024-02-05 23:00:00+00:00,97.9
,0,,spo2,2024-02-05 23:05:00+00:00,99.1
,0,,spo2,2024-02-05 23:10:00+00:00,97.9
,0,,spo2,2024-02-05 23:15:00+00:00,99.5
,0,,spo2,2024-02-05 23:20:00+00:00,99.1
,0,,spo2,2024-02-05 23:25:00+00:00,96.1
,0,,spo2,2024-02-05 23:30:00+00:00,98.4
,0,,spo2,2024-02-05 23:35:00+00:00,96.4
,0,,spo2,2024-02-05 23:40:00+00:00,98.1
,0,,spo2,2024-02-05 23:45:00+00:00,96.4
,0,,spo2,2024-02-05 23:50:00+00:00,97.4
,0,,spo2,2024-02-05 23:55:00+00:00,96.8
,0,,spo2,2024-02-06 00:00:00+00:00,97.3
,0,,spo2,2024-02-06 00:05:00+00:00,96.9
,0,,spo2,2024-02-06 00:10:00+00:00,98.9
,0,,spo2,2024-02-06 00:15:00+00:00,97.2
,0,,spo2,2024-02-06 00:20:00+00:00,98.1
,0,,spo2,2024-02-06 00:25:00+00:00,96.7
,0,,spo2,2024-02-06 00:30:00+00:00,96.3
,0,,spo2,2024-02-06 00:35:00+00:00,96.8
,0,,spo2,2024-02-06 00:40:00+00:00,99.0
,0,,spo2,2024-02-06 00:45:00+00:00,98.6
,0,,spo2,2024-02-06 00:50:00+00:00,96.3
,0,,spo2,2024-02-06 00:55:00+00:00,97.7
,0,,spo2,2024-02-06 01:00:00+00:00,96.8
,0,,spo2,2024-02-06 01:05:00+00:00,97.7
,0,,spo2,2024-02-06 01:10:00+00:00,96.0
,0,,spo2,2024-02-06 01:15:00+00:00,99.0
,0,,spo2,2024-02-06 01:20:00+00:00,99.5
,0,,spo2,2024-02-06 01:25:00+00:00,98.3
,0,,spo2,2024-02-06 01:30:00+00:00,98.0
,0,,spo2,2024-02-06 01:35:00+00:00,97.4
,0,,spo2,2024-02-06 01:40:00+00:00,97.5
,0,,spo2,2024-02-06 01:45:00+00:00,99.8
,0,,spo2,2024-02-06 01:50:00+00:00,98.5
,0,,spo2,2024-02-06 01:55:00+00:00,98.9
,0,,spo2,2024-02-06 02:00:00+00:00,98.1
,0,,spo2,2024-02-06 02:05:00+00:00,99.7
,0,,spo2,2024-02-06 02:10:00+00:00,99.2
,0,,spo2,2024-02-06 02:15:00+00:00,97.2
,0,,spo2,2024-02-06 02:20:00+00:00,98.3
,0,,spo2,2024-02-06 02:25:00+00:00,96.2
,0,,spo2,2024-02-06 02:30:00+00:00,98.6
,0,,spo2,2024-02-06 02:35:00+00:00,97.2
,0,,spo2,2024-02-06 02:40:00+00:00,99.0
,0,,spo2,2024-02-06 02:45:00+00:00,97.3
,0,,spo2,2024-02-06 02:50:00+00:00,97.1
,0,,spo2,2024-02-06 02:55:00+00:00,98.3
,0,,spo2,2024-02-06 03:00:00+00:00,98.5
,0,,spo2,2024-02-06 03:05:00+00:00,98.1
,0,,spo2,2024-02-06 03:10:00+00:00,96.3
,0,,spo2,2024-02-06 03:15:00+00:00,99.8
,0,,spo2,2024-02-06 03:20:00+00:00,96.8
,0,,spo2,2024-02-06 03:25:00+00:00,99.5
,0,,spo2,2024-02-06 03:30:00+00:00,99.7
,0,,spo2,2024-02-06 03:35:00+00:00,99.4
,0,,spo2,2024-02-06 03:40:00+00:00,99.0
,0,,spo2,2024-02-06 03:45:00+00:00,99.3
,0,,spo2,2024-02-06 03:50:00+00:00,96.6
,0,,spo2,2024-02-06 03:55:00+00:00,97.2
,0,,spo2,2024-02-06 04:00:00+00:00,96.4
,0,,spo2,2024-02-06 04:05:00+00:00,97.6
,0,,spo2,2024-02-06 04:10:00+00:00,97.2
,0,,spo2,2024-02-06 04:15:00+00:00,97.6
,0,,spo2,2024-02-06 04:20:00+00:00,96.8
,0,,spo2,2024-02-06 04:25:00+00:00,96.8
,0,,spo2,2024-02-06 04:30:00+00:00,98.2
,0,,spo2,2024-02-06 04:35:00+00:00,98.6
,0,,spo2,2024-02-06 04:40:00+00:00,98.0
,0,,spo2,2024-02-06 04:45:00+00:00,98.0
,0,,spo2,2024-02-06 04:50:00+00:00,98.4
,0,,spo2,2024-02-06 04:55:00+00:00,98.4
,0,,spo2,2024-02-06 05:00:00+00:00,96.0
,0,,spo2,2024-02-06 05:05:00+00:00,96.6
,0,,spo2,2024-02-06 05:10:00+00:00,97.2
,0,,spo2,2024-02-06 05:15:00+00:00,96.6
,0,,spo2,2024-02-06 05:20:00+00:00,99.5
,0,,spo2,2024-02-06 05:25:00+00:00,99.2
,0,,spo2,2024-02-06 05:30:00+00:00,97.0
,0,,spo2,2024-02-06 05:35:00+00:00,99.8
,0,,spo2,2024-02-06 05:40:00+00:00,99.1
,0,,spo2,2024-02-06 05:45:00+00:00,97.9
,0,,spo2,2024-02-06 05:50:00+00:00,97.5
,0,,spo2,2024-02-06 05:55:00+00:00,96.5
,0,,spo2,2024-02-06 06:00:00+00:00,98.7
,0,,spo2,2024-02-06 06:05:00+00:00,99.8
,0,,spo2,2024-02-06 06:10:00+00:00,99.4
,0,,spo2,2024-02-06 06:15:00+00:00,99.0
,0,,spo2,2024-02-06 06:20:00+00:00,98.7
,0,,spo2,2024-02-06 06:25:00+00:00,98.6
,0,,spo2,2024-02-06 06:30:00+00:00,99.8
,0,,spo2,2024-02-06 06:35:00+00:00,99.1
,0,,spo2,2024-02-06 06:40:00+00:00,97.3
,0,,spo2,2024-02-06 06:45:00+00:00,97.8
,0,,spo2,2024-02-06 06:50:00+00:00,99.5
,0,,spo2,2024-02-06 06:55:00+00:00,98.8
,0,,spo2,2024-02-06 07:00:00+00:00,96.1
,0,,spo2,2024-02-06 07:05:00+00:00,96.4
,0,,spo2,2024-02-06 07:10:00+00:00,99.7
,0,,spo2,2024-02-06 07:15:00+00:00,99.8
,0,,spo2,2024-02-06 07:20:00+00:00,98.5
,0,,spo2,2024-02-06 07:25:00+00:00,96.8
,0,,spo2,2024-02-06 07:30:00+00:00,98.5
,0,,spo2,2024-02-06 07:35:00+00:00,96.8
,0,,spo2,2024-02-06 07:40:00+00:00,99.1
,0,,spo2,2024-02-06 07:45:00+00:00,97.6
,0,,spo2,2024-02-06 07:50:00+00:00,99.6
,0,,spo2,2024-02-06 07:55:00+00:00,98.8
,0,,spo2,2024-02-06 08:00:00+00:00,97.2
,0,,spo2,2024-02-06 08:05:00+00:00,98.1
,0,,spo2,2024-02-06 08:10:00+00:00,97.3
,0,,spo2,2024-02-06 08:15:00+00:00,96.1
,0,,spo2,2024-02-06 21:52:00+00:00,96.7
,0,,spo2,2024-02-06 21:57:00+00:00,97.8
,0,,spo2,2024-02-06 22:02:00+00:00,98.0
,0,,spo2,2024-02-06 22:07:00+00:00,96.2
,0,,spo2,2024-02-06 22:12:00+00:00,99.7
,0,,spo2,2024-02-06 22:17:00+00:00,99.8
,0,,spo2,2024-02-06 22:22:00+00:00,96.6
,0,,spo2,2024-02-06 22:27:00+00:00,98.0
,0,,spo2,2024-02-06 22:32:00+00:00,97.2
,0,,spo2,2024-02-06 22:37:00+00:00,97.5
,0,,spo2,2024-02-06 22:42:00+00:00,96.1
,0,,spo2,2024-02-06 22:47:00+00:00,97.7
,0,,spo2,2024-02-06 22:52:00+00:00,96.1
,0,,spo2,2024-02-06 22:57:00+00:00,97.1
,0,,spo2,2024-02-06 23:02:00+00:00,99.8
,0,,spo2,2024-02-06 23:07:00+00:00,96.0
,0,,spo2,2024-02-06 23:12:00+00:00,96.2
,0,,spo2,2024-02-06 23:17:00+00:00,98.5
,0,,spo2,2024-02-06 23:22:00+00:00,99.3
,0,,spo2,2024-02-06 23:27:00+00:00,96.1
,0,,spo2,2024-02-06 23:32:00+00:00,98.1
,0,,spo2,2024-02-06 23:37:00+00:00,97.0
,0,,spo2,2024-02-06 23:42:00+00:00,98.6
,0,,spo2,2024-02-06 23:47:00+00:00,98.4
,0,,spo2,2024-02-06 23:52:00+00:00,99.5
,0,,spo2,2024-02-06 23:57:00+00:00,97.3
,0,,spo2,2024-02-07 00:02:00+00:00,97.4
,0,,spo2,2024-02-07 00:07:00+00:00,99.3
,0,,spo2,2024-02-07 00:12:00+00:00,96.3
,0,,spo2,2024-02-07 00:17:00+00:00,96.7
,0,,spo2,2024-02-07 00:22:00+00:00,96.6
,0,,spo2,2024-02-07 00:27:00+00:00,98.3
,0,,spo2,2024-02-07 00:32:00+00:00,98.0
,0,,spo2,2024-02-07 00:37:00+00:00,99.0
,0,,spo2,2024-02-07 00:42:00+00:00,97.4
,0,,spo2,2024-02-07 00:47:00+00:00,97.3
,0,,spo2,2024-02-07 00:52:00+00:00,98.9
,0,,spo2,2024-02-07 00:57:00+00:00,96.2
,0,,spo2,2024-02-07 01:02:00+00:00,96.5
,0,,spo2,2024-02-07 01:07:00+00:00,96.9
,0,,spo2,2024-02-07 01:12:00+00:00,96.4
,0,,spo2,2024-02-07 01:17:00+00:00,96.0
,0,,spo2,2024-02-07 01:22:00+00:00,97.8
,0,,spo2,2024-02-07 01:27:00+00:00,98.0
,0,,spo2,2024-02-07 01:32:00+00:00,97.9
,0,,spo2,2024-02-07 01:37:00+00:00,98.6
,0,,spo2,2024-02-07 01:42:00+00:00,99.4
,0,,spo2,2024-02-07 01:47:00+00:00,97.4
,0,,spo2,2024-02-07 01:52:00+00:00,98.2
,0,,spo2,2024-02-07 01:57:00+00:00,97.0
,0,,spo2,2024-02-07 02:02:00+00:00,97.4
,0,,spo2,2024-02-07 02:07:00+00:00,97.3
,0,,spo2,2024-02-07 02:12:00+00:00,98.0
,0,,spo2,2024-02-07 02:17:00+00:00,99.6
,0,,spo2,2024-02-07 02:22:00+00:00,98.8
,0,,spo2,2024-02-07 02:27:00+00:00,99.0
,0,,spo2,2024-02-07 02:32:00+00:00,96.7
,0,,spo2,2024-02-07 02:37:00+00:00,98.4
,0,,spo2,2024-02-07 02:42:00+00:00,96.3
,0,,spo2,2024-02-07 02:47:00+00:00,96.5
,0,,spo2,2024-02-07 02:52:00+00:00,98.1
,0,,spo2,2024-02-07 02:57:00+00:00,98.9
,0,,spo2,2024-02-07 03:02:00+00:00,96.5
,0,,spo2,2024-02-07 03:07:00+00:00,96.1
,0,,spo2,2024-02-07 03:12:00+00:00,97.3
,0,,spo2,2024-02-07 03:17:00+00:00,98.6
,0,,spo2,2024-02-07 03:22:00+00:00,97.1
,0,,spo2,2024-02-07 03:27:00+00:00,98.6
,0,,spo2,2024-02-07 03:32:00+00:00,98.0
,0,,spo2,2024-02-07 03:37:00+00:00,98.9
,0,,spo2,2024-02-07 03:42:00+00:00,99.4
,0,,spo2,2024-02-07 03:47:00+00:00,98.5
,0,,spo2,2024-02-07 03:52:00+00:00,96.5
,0,,spo2,2024-02-07 03:57:00+00:00,96.4
,0,,spo2,2024-02-07 04:02:00+00:00,99.7
,0,,spo2,2024-02-07 04:07:00+00:00,97.5
,0,,spo2,2024-02-07 04:12:00+00:00,96.8
,0,,spo2,2024-02-07 04:17:00+00:00,96.6
,0,,spo2,2024-02-07 04:22:00+00:00,98.5
,0,,spo2,2024-02-07 04:27:00+00:00,99.7
,0,,spo2,2024-02-07 04:32:00+00:00,96.6
,0,,spo2,2024-02-07 04:37:00+00:00,98.8
,0,,spo2,2024-02-07 04:42:00+00:00,98.3
,0,,spo2,2024-02-07 04:47:00+00:00,99.2
,0,,spo2,2024-02-07 04:52:00+00:00,99.8
,0,,spo2,2024-02-07 04:57:00+00:00,96.7
,0,,spo2,2024-02-07 05:02:00+00:00,99.4
,0,,spo2,2024-02-07 05:07:00+00:00,97.0
,0,,spo2,2024-02-07 05:12:00+00:00,98.1
,0,,spo2,2024-02-07 05:17:00+00:00,96.7
,0,,spo2,2024-02-07 05:22:00+00:00,99.4
,0,,spo2,2024-02-07 05:27:00+00:00,96.5
,0,,spo2,2024-02-07 05:32:00+00:00,98.6
,0,,spo2,2024-02-07 05:37:00+00:00,96.0
,0,,spo2,2024-02-07 05:42:00+00:00,99.3
,0,,spo2,2024-02-07 05:47:00+00:00,96.9
,0,,spo2,2024-02-07 05:52:00+00:00,99.6
,0,,spo2,2024-02-07 05:57:00+00:00,97.2
,0,,spo2,2024-02-07 06:02:00+00:00,98.0
,0,,spo2,2024-02-07 06:07:00+00:00,96.4
,0,,spo2,2024-02-07 06:12:00+00:00,99.3
,0,,spo2,2024-02-07 06:17:00+00:00,98.3
,0,,spo2,2024-02-07 06:22:00+00:00,98.2
,0,,spo2,2024-02-07 06:27:00+00:00,99.0
,0,,spo2,2024-02-07 06:32:00+00:00,96.8
,0,,spo2,2024-02-07 06:37:00+00:00,98.5
,0,,spo2,2024-02-07 06:42:00+00:00,96.9
,0,,spo2,2024-02-07 06:47:00+00:00,97.6
,0,,spo2,2024-02-07 06:52:00+00:00,98.6
,0,,spo2,2024-02-07 06:57:00+00:00,96.7
,0,,spo2,2024-02-07 07:02:00+00:00,96.8
,0,,spo2,2024-02-07 07:07:00+00:00,98.6
,0,,spo2,2024-02-07 07:12:00+00:00,98.1
,0,,spo2,2024-02-07 07:17:00+00:00,97.8
,0,,spo2,2024-02-07 07:22:00+00:00,98.9
,0,,spo2,2024-02-07 07:27:00+00:00,96.0
,0,,spo2,2024-02-07 07:32:00+00:00,98.2
,0,,spo2,2024-02-07 07:37:00+00:00,98.1
,0,,spo2,2024-02-07 07:42:00+00:00,97.0
,0,,spo2,2024-02-07 07:47:00+00:00,98.0
,0,,spo2,2024-02-07 07:52:00+00:00,97.9
,0,,spo2,2024-02-07 07:57:00+00:00,97.2
,0,,spo2,2024-02-07 08:02:00+00:00,99.1
,0,,spo2,2024-02-07 08:07:00+00:00,98.8
,0,,spo2,2024-02-07 08:12:00+00:00,96.6
,0,,spo2,2024-02-07 22:46:00+00:00,98.4
,0,,spo2,2024-02-07 22:51:00+00:00,98.6
,0,,spo2,2024-02-07 22:56:00+00:00,98.2
,0,,spo2,2024-02-07 23:01:00+00:00,97.8
,0,,spo2,2024-02-07 23:06:00+00:00,99.3
,0,,spo2,2024-02-07 23:11:00+00:00,98.5
,0,,spo2,2024-02-07 23:16:00+00:00,98.3
,0,,spo2,2024-02-07 23:21:00+00:00,98.5
,0,,spo2,2024-02-07 23:26:00+00:00,96.7
,0,,spo2,2024-02-07 23:31:00+00:00,98.7
,0,,spo2,2024-02-07 23:36:00+00:00,96.3
,0,,spo2,2024-02-07 23:41:00+00:00,97.5
,0,,spo2,2024-02-07 23:46:00+00:00,99.3
,0,,spo2,2024-02-07 23:51:00+00:00,99.0
,0,,spo2,2024-02-07 23:56:00+00:00,97.6
,0,,spo2,2024-02-08 00:01:00+00:00,96.7
,0,,spo2,2024-02-08 00:06:00+00:00,98.1
,0,,spo2,2024-02-08 00:11:00+00:00,99.6
,0,,spo2,2024-02-08 00:16:00+00:00,99.2
,0,,spo2,2024-02-08 00:21:00+00:00,98.5
,0,,spo2,2024-02-08 00:26:00+00:00,97.9
,0,,spo2,2024-02-08 00:31:00+00:00,98.0
,0,,spo2,2024-02-08 00:36:00+00:00,97.8
,0,,spo2,2024-02-08 00:41:00+00:00,97.1
,0,,spo2,2024-02-08 00:46:00+00:00,96.7
,0,,spo2,2024-02-08 00:51:00+00:00,98.9
,0,,spo2,2024-02-08 00:56:00+00:00,99.6
,0,,spo2,2024-02-08 01:01:00+00:00,97.1
,0,,spo2,2024-02-08 01:06:00+00:00,96.2
,0,,spo2,2024-02-08 01:11:00+00:00,98.1
,0,,spo2,2024-02-08 01:16:00+00:00,99.6
,0,,spo2,2024-02-08 01:21:00+00:00,97.1
,0,,spo2,2024-02-08 01:26:00+00:00,98.0
,0,,spo2,2024-02-08 01:31:00+00:00,97.7
,0,,spo2,2024-02-08 01:36:00+00:00,96.1
,0,,spo2,2024-02-08 01:41:00+00:00,99.5
,0,,spo2,2024-02-08 01:46:00+00:00,97.6
,0,,spo2,2024-02-08 01:51:00+00:00,99.0
,0,,spo2,2024-02-08 01:56:00+00:00,96.2
,0,,spo2,2024-02-08 02:01:00+00:00,97.2
,0,,spo2,2024-02-08 02:06:00+00:00,98.2
,0,,spo2,2024-02-08 02:11:00+00:00,96.7
,0,,spo2,2024-02-08 02:16:00+00:00,99.1
,0,,spo2,2024-02-08 02:21:00+00:00,97.5
,0,,spo2,2024-02-08 02:26:00+00:00,98.8
,0,,spo2,2024-02-08 02:31:00+00:00,99.4
,0,,spo2,2024-02-08 02:36:00+00:00,98.4
,0,,spo2,2024-02-08 02:41:00+00:00,97.6
,0,,spo2,2024-02-08 02:46:00+00:00,98.6
,0,,spo2,2024-02-08 02:51:00+00:00,99.0
,0,,spo2,2024-02-08 02:56:00+00:00,98.4
,0,,spo2,2024-02-08 03:01:00+00:00,99.4
,0,,spo2,2024-02-08 03:06:00+00:00,99.6
,0,,spo2,2024-02-08 03:11:00+00:00,97.3
,0,,spo2,2024-02-08 03:16:00+00:00,97.9
,0,,spo2,2024-02-08 03:21:00+00:00,99.6
,0,,spo2,2024-02-08 03:26:00+00:00,97.3
,0,,spo2,2024-02-08 03:31:00+00:00,98.5
,0,,spo2,2024-02-08 03:36:00+00:00,98.5
,0,,spo2,2024-02-08 03:41:00+00:00,98.8
,0,,spo2,2024-02-08 03:46:00+00:00,97.1
,0,,spo2,2024-02-08 03:51:00+00:00,99.1
,0,,spo2,2024-02-08 03:56:00+00:00,96.7
,0,,spo2,2024-02-08 04:01:00+00:00,96.4
,0,,spo2,2024-02-08 04:06:00+00:00,99.7
,0,,spo2,2024-02-08 04:11:00+00:00,97.2
,0,,spo2,2024-02-08 04:16:00+00:00,98.7
,0,,spo2,2024-02-08 04:21:00+00:00,96.9
,0,,spo2,2024-02-08 04:26:00+00:00,98.2
,0,,spo2,2024-02-08 04:31:00+00:00,96.5
,0,,spo2,2024-02-08 04:36:00+00:00,98.4
,0,,spo2,2024-02-08 04:41:00+00:00,99.5
,0,,spo2,2024-02-08 04:46:00+00:00,98.8
,0,,spo2,2024-02-08 04:51:00+00:00,97.6
,0,,spo2,2024-02-08 04:56:00+00:00,97.6
,0,,spo2,2024-02-08 05:01:00+00:00,96.0
,0,,spo2,2024-02-08 05:06:00+00:00,98.8
,0,,spo2,2024-02-08 05:11:00+00:00,96.5
,0,,spo2,2024-02-08 05:16:00+00:00,96.9
,0,,spo2,2024-02-08 05:21:00+00:00,96.4
,0,,spo2,2024-02-08 05:26:00+00:00,99.0
,0,,spo2,2024-02-08 05:31:00+00:00,97.4
,0,,spo2,2024-02-08 05:36:00+00:00,96.2
,0,,spo2,2024-02-08 05:41:00+00:00,99.1
,0,,spo2,2024-02-08 05:46:00+00:00,97.4
,0,,spo2,2024-02-08 05:51:00+00:00,97.0
,0,,spo2,2024-02-08 05:56:00+00:00,99.0
,0,,spo2,2024-02-08 06:01:00+00:00,96.4
,0,,spo2,2024-02-08 06:06:00+00:00,99.8
,0,,spo2,2024-02-08 06:11:00+00:00,98.1
,0,,spo2,2024-02-08 06:16:00+00:00,96.0
,0,,spo2,2024-02-08 06:21:00+00:00,98.4
,0,,spo2,2024-02-08 06:26:00+00:00,97.8
,0,,spo2,2024-02-08 06:31:00+00:00,99.6
,0,,spo2,2024-02-08 06:36:00+00:00,97.2
,0,,spo2,2024-02-08 06:41:00+00:00,96.2
,0,,spo2,2024-02-08 06:46:00+00:00,99.6
,0,,spo2,2024-02-08 06:51:00+00:00,97.5
,0,,spo2,2024-02-08 06:56:00+00:00,98.7
,0,,spo2,2024-02-08 07:01:00+00:00,98.2
,0,,spo2,2024-02-08 07:06:00+00:00,98.1
,0,,spo2,2024-02-08 07:11:00+00:00,98.7
,0,,spo2,2024-02-08 07:16:00+00:00,96.8
,0,,spo2,2024-02-08 07:21:00+00:00,96.4
,0,,spo2,2024-02-08 21:50:00+00:00,96.3
,0,,spo2,2024-02-08 21:55:00+00:00,99.0
,0,,spo2,2024-02-08 22:00:00+00:00,98.6
,0,,spo2,2024-02-08 22:05:00+00:00,98.0
,0,,spo2,2024-02-08 22:10:00+00:00,96.3
,0,,spo2,2024-02-08 22:15:00+00:00,98.8
,0,,spo2,2024-02-08 22:20:00+00:00,99.5
,0,,spo2,2024-02-08 22:25:00+00:00,98.1
,0,,spo2,2024-02-08 22:30:00+00:00,96.3
,0,,spo2,2024-02-08 22:35:00+00:00,97.9
,0,,spo2,2024-02-08 22:40:00+00:00,98.4
,0,,spo2,2024-02-08 22:45:00+00:00,97.6
,0,,spo2,2024-02-08 22:50:00+00:00,96.8
,0,,spo2,2024-02-08 22:55:00+00:00,96.8
,0,,spo2,2024-02-08 23:00:00+00:00,99.7
,0,,spo2,2024-02-08 23:05:00+00:00,97.9
,0,,spo2,2024-02-08 23:10:00+00:00,98.6
,0,,spo2,2024-02-08 23:15:00+00:00,98.9
,0,,spo2,2024-02-08 23:20:00+00:00,98.3
,0,,spo2,2024-02-08 23:25:00+00:00,99.2
,0,,spo2,2024-02-08 23:30:00+00:00,98.7
,0,,spo2,2024-02-08 23:35:00+00:00,99.1
,0,,spo2,2024-02-08 23:40:00+00:00,96.7
,0,,spo2,2024-02-08 23:45:00+00:00,98.9
,0,,spo2,2024-02-08 23:50:00+00:00,97.0
,0,,spo2,2024-02-08 23:55:00+00:00,99.0
,0,,spo2,2024-02-09 00:00:00+00:00,96.2
,0,,spo2,2024-02-09 00:05:00+00:00,99.3
,0,,spo2,2024-02-09 00:10:00+00:00,98.8
,0,,spo2,2024-02-09 00:15:00+00:00,97.8
,0,,spo2,2024-02-09 00:20:00+00:00,96.3
,0,,spo2,2024-02-09 00:25:00+00:00,97.6
,0,,spo2,2024-02-09 00:30:00+00:00,99.3
,0,,spo2,2024-02-09 00:35:00+00:00,97.6
,0,,spo2,2024-02-09 00:40:00+00:00,97.1
,0,,spo2,2024-02-09 00:45:00+00:00,98.9
,0,,spo2,2024-02-09 00:50:00+00:00,97.4
,0,,spo2,2024-02-09 00:55:00+00:00,97.7
,0,,spo2,2024-02-09 01:00:00+00:00,97.9
,0,,spo2,2024-02-09 01:05:00+00:00,98.3
,0,,spo2,2024-02-09 01:10:00+00:00,99.5
,0,,spo2,2024-02-09 01:15:00+00:00,98.2
,0,,spo2,2024-02-09 01:20:00+00:00,98.1
,0,,spo2,2024-02-09 01:25:00+00:00,99.4
,0,,spo2,2024-02-09 01:30:00+00:00,99.3
,0,,spo2,2024-02-09 01:35:00+00:00,96.0
,0,,spo2,2024-02-09 01:40:00+00:00,97.1
,0,,spo2,2024-02-09 01:45:00+00:00,96.9
,0,,spo2,2024-02-09 01:50:00+00:00,97.4
,0,,spo2,2024-02-09 01:55:00+00:00,97.6
,0,,spo2,2024-02-09 02:00:00+00:00,98.1
,0,,spo2,2024-02-09 02:05:00+00:00,98.0
,0,,spo2,2024-02-09 02:10:00+00:00,99.1
,0,,spo2,2024-02-09 02:15:00+00:00,96.1
,0,,spo2,2024-02-09 02:20:00+00:00,96.3
,0,,spo2,2024-02-09 02:25:00+00:00,99.8
,0,,spo2,2024-02-09 02:30:00+00:00,98.8
,0,,spo2,2024-02-09 02:35:00+00:00,96.6
,0,,spo2,2024-02-09 02:40:00+00:00,98.9
,0,,spo2,2024-02-09 02:45:00+00:00,97.1
,0,,spo2,2024-02-09 02:50:00+00:00,97.2
,0,,spo2,2024-02-09 02:55:00+00:00,99.1
,0,,spo2,2024-02-09 03:00:00+00:00,96.6
,0,,spo2,2024-02-09 03:05:00+00:00,98.4
,0,,spo2,2024-02-09 03:10:00+00:00,98.7
,0,,spo2,2024-02-09 03:15:00+00:00,99.5
,0,,spo2,2024-02-09 03:20:00+00:00,99.2
,0,,spo2,2024-02-09 03:25:00+00:00,96.3
,0,,spo2,2024-02-09 03:30:00+00:00,97.7
,0,,spo2,2024-02-09 03:35:00+00:00,99.1
,0,,spo2,2024-02-09 03:40:00+00:00,99.4
,0,,spo2,2024-02-09 03:45:00+00:00,96.7
,0,,spo2,2024-02-09 03:50:00+00:00,97.6
,0,,spo2,2024-02-09 03:55:00+00:00,97.8
,0,,spo2,2024-02-09 04:00:00+00:00,97.5
,0,,spo2,2024-02-09 04:05:00+00:00,98.1
,0,,spo2,2024-02-09 04:10:00+00:00,97.6
,0,,spo2,2024-02-09 04:15:00+00:00,96.9
,0,,spo2,2024-02-09 04:20:00+00:00,96.7
,0,,spo2,2024-02-09 04:25:00+00:00,97.6
,0,,spo2,2024-02-09 04:30:00+00:00,99.1
,0,,spo2,2024-02-09 04:35:00+00:00,98.7
,0,,spo2,2024-02-09 04:40:00+00:00,97.8
,0,,spo2,2024-02-09 04:45:00+00:00,96.6
,0,,spo2,2024-02-09 04:50:00+00:00,97.8
,0,,spo2,2024-02-09 04:55:00+00:00,97.1
,0,,spo2,2024-02-09 05:00:00+00:00,96.8
,0,,spo2,2024-02-09 05:05:00+00:00,97.8
,0,,spo2,2024-02-09 05:10:00+00:00,98.0
,0,,spo2,2024-02-09 05:15:00+00:00,98.4
,0,,spo2,2024-02-09 05:20:00+00:00,97.6
,0,,spo2,2024-02-09 05:25:00+00:00,98.8
,0,,spo2,2024-02-09 05:30:00+00:00,97.4
,0,,spo2,2024-02-09 05:35:00+00:00,99.3
,0,,spo2,2024-02-09 05:40:00+00:00,99.4
,0,,spo2,2024-02-09 05:45:00+00:00,96.2
,0,,spo2,2024-02-09 05:50:00+00:00,96.7
,0,,spo2,2024-02-09 05:55:00+00:00,96.9
,0,,spo2,2024-02-09 06:00:00+00:00,96.8
,0,,spo2,2024-02-09 06:05:00+00:00,99.3
,0,,spo2,2024-02-09 06:10:00+00:00,96.1
,0,,spo2,2024-02-09 06:15:00+00:00,99.6
,0,,spo2,2024-02-09 06:20:00+00:00,99.4
,0,,spo2,2024-02-09 06:25:00+00:00,98.6
,0,,spo2,2024-02-09 06:30:00+00:00,96.3
,0,,spo2,2024-02-09 06:35:00+00:00,97.0
,0,,spo2,2024-02-09 06:40:00+00:00,99.7
,0,,spo2,2024-02-09 06:45:00+00:00,99.5
,0,,spo2,2024-02-09 06:50:00+00:00,96.1
,0,,spo2,2024-02-09 06:55:00+00:00,97.1
,0,,spo2,2024-02-09 07:00:00+00:00,99.4
,0,,spo2,2024-02-09 07:05:00+00:00,98.0
,0,,spo2,2024-02-09 07:10:00+00:00,96.5
,0,,spo2,2024-02-09 07:15:00+00:00,96.1
,0,,spo2,2024-02-09 07:20:00+00:00,96.7
,0,,spo2,2024-02-09 07:25:00+00:00,96.3
,0,,spo2,2024-02-09 07:30:00+00:00,98.7
,0,,spo2,2024-02-09 07:35:00+00:00,97.4
,0,,spo2,2024-02-09 07:40:00+00:00,96.9
,0,,spo2,2024-02-09 07:45:00+00:00,97.7
,0,,spo2,2024-02-09 07:50:00+00:00,97.9
,0,,spo2,2024-02-09 07:55:00+00:00,98.7
,0,,spo2,2024-02-09 08:00:00+00:00,98.8
,0,,spo2,2024-02-09 08:05:00+00:00,96.0
,0,,spo2,2024-02-09 08:10:00+00:00,97.8
,0,,spo2,2024-02-09 08:15:00+00:00,99.2
,0,,spo2,2024-02-09 21:44:00+00:00,97.1
,0,,spo2,2024-02-09 21:49:00+00:00,96.2
,0,,spo2,2024-02-09 21:54:00+00:00,98.7
,0,,spo2,2024-02-09 21:59:00+00:00,97.3
,0,,spo2,2024-02-09 22:04:00+00:00,99.3
,0,,spo2,2024-02-09 22:09:00+00:00,99.1
,0,,spo2,2024-02-09 22:14:00+00:00,97.7
,0,,spo2,2024-02-09 22:19:00+00:00,97.3
,0,,spo2,2024-02-09 22:24:00+00:00,98.1
,0,,spo2,2024-02-09 22:29:00+00:00,96.4
,0,,spo2,2024-02-09 22:34:00+00:00,96.6
,0,,spo2,2024-02-09 22:39:00+00:00,97.6
,0,,spo2,2024-02-09 22:44:00+00:00,96.5
,0,,spo2,2024-02-09 22:49:00+00:00,99.2
,0,,spo2,2024-02-09 22:54:00+00:00,99.1
,0,,spo2,2024-02-09 22:59:00+00:00,99.6
,0,,spo2,2024-02-09 23:04:00+00:00,97.3
,0,,spo2,2024-02-09 23:09:00+00:00,96.4
,0,,spo2,2024-02-09 23:14:00+00:00,98.8
,0,,spo2,2024-02-09 23:19:00+00:00,96.0
,0,,spo2,2024-02-09 23:24:00+00:00,98.2
,0,,spo2,2024-02-09 23:29:00+00:00,96.4
,0,,spo2,2024-02-09 23:34:00+00:00,98.9
,0,,spo2,2024-02-09 23:39:00+00:00,98.9
,0,,spo2,2024-02-09 23:44:00+00:00,96.7
,0,,spo2,2024-02-09 23:49:00+00:00,96.0
,0,,spo2,2024-02-09 23:54:00+00:00,99.5
,0,,spo2,2024-02-09 23:59:00+00:00,97.1
,0,,spo2,2024-02-10 00:04:00+00:00,96.4
,0,,spo2,2024-02-10 00:09:00+00:00,96.5
,0,,spo2,2024-02-10 00:14:00+00:00,99.7
,0,,spo2,2024-02-10 00:19:00+00:00,99.3
,0,,spo2,2024-02-10 00:24:00+00:00,99.4
,0,,spo2,2024-02-10 00:29:00+00:00,97.1
,0,,spo2,2024-02-10 00:34:00+00:00,98.6
,0,,spo2,2024-02-10 00:39:00+00:00,97.7
,0,,spo2,2024-02-10 00:44:00+00:00,96.6
,0,,spo2,2024-02-10 00:49:00+00:00,98.8
,0,,spo2,2024-02-10 00:54:00+00:00,96.1
,0,,spo2,2024-02-10 00:59:00+00:00,98.4
,0,,spo2,2024-02-10 01:04:00+00:00,98.0
,0,,spo2,2024-02-10 01:09:00+00:00,99.5
,0,,spo2,2024-02-10 01:14:00+00:00,97.1
,0,,spo2,2024-02-10 01:19:00+00:00,98.5
,0,,spo2,2024-02-10 01:24:00+00:00,96.9
,0,,spo2,2024-02-10 01:29:00+00:00,99.0
,0,,spo2,2024-02-10 01:34:00+00:00,98.9
,0,,spo2,2024-02-10 01:39:00+00:00,97.3
,0,,spo2,2024-02-10 01:44:00+00:00,98.4
,0,,spo2,2024-02-10 01:49:00+00:00,96.9
,0,,spo2,2024-02-10 01:54:00+00:00,99.6
,0,,spo2,2024-02-10 01:59:00+00:00,97.6
,0,,spo2,2024-02-10 02:04:00+00:00,98.9
,0,,spo2,2024-02-10 02:09:00+00:00,98.7
,0,,spo2,2024-02-10 02:14:00+00:00,96.0
,0,,spo2,2024-02-10 02:19:00+00:00,98.0
,0,,spo2,2024-02-10 02:24:00+00:00,99.7
,0,,spo2,2024-02-10 02:29:00+00:00,98.2
,0,,spo2,2024-02-10 02:34:00+00:00,97.3
,0,,spo2,2024-02-10 02:39:00+00:00,99.0
,0,,spo2,2024-02-10 02:44:00+00:00,96.1
,0,,spo2,2024-02-10 02:49:00+00:00,98.9
,0,,spo2,2024-02-10 02:54:00+00:00,98.3
,0,,spo2,2024-02-10 02:59:00+00:00,99.2
,0,,spo2,2024-02-10 03:04:00+00:00,96.3
,0,,spo2,2024-02-10 03:09:00+00:00,97.8
,0,,spo2,2024-02-10 03:14:00+00:00,97.3
,0,,spo2,2024-02-10 03:19:00+00:00,97.9
,0,,spo2,2024-02-10 03:24:00+00:00,98.4
,0,,spo2,2024-02-10 03:29:00+00:00,96.7
,0,,spo2,2024-02-10 03:34:00+00:00,99.5
,0,,spo2,2024-02-10 03:39:00+00:00,96.4
,0,,spo2,2024-02-10 03:44:00+00:00,96.7
,0,,spo2,2024-02-10 03:49:00+00:00,99.7
,0,,spo2,2024-02-10 03:54:00+00:00,97.3
,0,,spo2,2024-02-10 03:59:00+00:00,98.2
,0,,spo2,2024-02-10 04:04:00+00:00,99.0
,0,,spo2,2024-02-10 04:09:00+00:00,98.5
,0,,spo2,2024-02-10 04:14:00+00:00,99.0
,0,,spo2,2024-02-10 04:19:00+00:00,99.3
,0,,spo2,2024-02-10 04:24:00+00:00,97.0
,0,,spo2,2024-02-10 04:29:00+00:00,97.7
,0,,spo2,2024-02-10 04:34:00+00:00,99.7
,0,,spo2,2024-02-10 04:39:00+00:00,99.0
,0,,spo2,2024-02-10 04:44:00+00:00,96.8
,0,,spo2,2024-02-10 04:49:00+00:00,96.5
,0,,spo2,2024-02-10 04:54:00+00:00,99.6
,0,,spo2,2024-02-10 04:59:00+00:00,99.3
,0,,spo2,2024-02-10 05:04:00+00:00,96.2
,0,,spo2,2024-02-10 05:09:00+00:00,99.6
,0,,spo2,2024-02-10 05:14:00+00:00,97.6
,0,,spo2,2024-02-10 05:19:00+00:00,99.5
,0,,spo2,2024-02-10 05:24:00+00:00,97.6
,0,,spo2,2024-02-10 05:29:00+00:00,96.1
,0,,spo2,2024-02-10 05:34:00+00:00,96.3
,0,,spo2,2024-02-10 05:39:00+00:00,98.6
,0,,spo2,2024-02-10 05:44:00+00:00,97.2
,0,,spo2,2024-02-10 05:49:00+00:00,99.1
,0,,spo2,2024-02-10 05:54:00+00:00,99.3
,0,,spo2,2024-02-10 05:59:00+00:00,98.7
,0,,spo2,2024-02-10 06:04:00+00:00,98.8
,0,,spo2,2024-02-10 06:09:00+00:00,96.0
,0,,spo2,2024-02-10 06:14:00+00:00,99.2
,0,,spo2,2024-02-10 06:19:00+00:00,98.7
,0,,spo2,2024-02-10 06:24:00+00:00,97.9
,0,,spo2,2024-02-10 06:29:00+00:00,99.5
,0,,spo2,2024-02-10 06:34:00+00:00,98.7
,0,,spo2,2024-02-10 06:39:00+00:00,99.7
,0,,spo2,2024-02-10 06:44:00+00:00,99.1
,0,,spo2,2024-02-10 06:49:00+00:00,96.3
,0,,spo2,2024-02-10 06:54:00+00:00,98.0
,0,,spo2,2024-02-10 06:59:00+00:00,99.4
,0,,spo2,2024-02-10 07:04:00+00:00,97.7
,0,,spo2,2024-02-10 07:09:00+00:00,98.8
,0,,spo2,2024-02-10 07:14:00+00:00,99.1
,0,,spo2,2024-02-10 07:19:00+00:00,98.4
,0,,spo2,2024-02-10 07:24:00+00:00,99.2
,0,,spo2,2024-02-10 07:29:00+00:00,98.6
,0,,spo2,2024-02-10 07:34:00+00:00,98.7
,0,,spo2,2024-02-10 07:39:00+00:00,98.2
,0,,spo2,2024-02-10 07:44:00+00:00,97.2
,0,,spo2,2024-02-10 07:49:00+00:00,99.8
,0,,spo2,2024-02-10 07:54:00+00:00,99.7
,0,,spo2,2024-02-10 07:59:00+00:00,99.3
,0,,spo2,2024-02-10 08:04:00+00:00,99.4
,0,,spo2,2024-02-10 08:09:00+00:00,96.2
,0,,spo2,2024-02-10 08:14:00+00:00,97.1
,0,,spo2,2024-02-10 08:19:00+00:00,98.2
,0,,spo2,2024-02-10 08:24:00+00:00,99.4
,0,,spo2,2024-02-10 22:45:00+00:00,96.5
,0,,spo2,2024-02-10 22:50:00+00:00,96.1
,0,,spo2,2024-02-10 22:55:00+00:00,96.2
,0,,spo2,2024-02-10 23:00:00+00:00,97.1
,0,,spo2,2024-02-10 23:05:00+00:00,98.7
,0,,spo2,2024-02-10 23:10:00+00:00,99.6
,0,,spo2,2024-02-10 23:15:00+00:00,99.4
,0,,spo2,2024-02-10 23:20:00+00:00,99.3
,0,,spo2,2024-02-10 23:25:00+00:00,97.9
,0,,spo2,2024-02-10 23:30:00+00:00,97.3
,0,,spo2,2024-02-10 23:35:00+00:00,96.5
,0,,spo2,2024-02-10 23:40:00+00:00,98.6
,0,,spo2,2024-02-10 23:45:00+00:00,96.2
,0,,spo2,2024-02-10 23:50:00+00:00,98.4
,0,,spo2,2024-02-10 23:55:00+00:00,97.1
,0,,spo2,2024-02-11 00:00:00+00:00,96.4
,0,,spo2,2024-02-11 00:05:00+00:00,96.6
,0,,spo2,2024-02-11 00:10:00+00:00,98.0
,0,,spo2,2024-02-11 00:15:00+00:00,98.9
,0,,spo2,2024-02-11 00:20:00+00:00,96.4
,0,,spo2,2024-02-11 00:25:00+00:00,97.1
,0,,spo2,2024-02-11 00:30:00+00:00,96.4
,0,,spo2,2024-02-11 00:35:00+00:00,96.5
,0,,spo2,2024-02-11 00:40:00+00:00,99.0
,0,,spo2,2024-02-11 00:45:00+00:00,98.6
,0,,spo2,2024-02-11 00:50:00+00:00,99.1
,0,,spo2,2024-02-11 00:55:00+00:00,98.7
,0,,spo2,2024-02-11 01:00:00+00:00,96.8
,0,,spo2,2024-02-11 01:05:00+00:00,96.2
,0,,spo2,2024-02-11 01:10:00+00:00,98.8
,0,,spo2,2024-02-11 01:15:00+00:00,98.3
,0,,spo2,2024-02-11 01:20:00+00:00,98.7
,0,,spo2,2024-02-11 01:25:00+00:00,97.8
,0,,spo2,2024-02-11 01:30:00+00:00,99.1
,0,,spo2,2024-02-11 01:35:00+00:00,98.7
,0,,spo2,2024-02-11 01:40:00+00:00,96.0
,0,,spo2,2024-02-11 01:45:00+00:00,96.2
,0,,spo2,2024-02-11 01:50:00+00:00,99.3
,0,,spo2,2024-02-11 01:55:00+00:00,98.8
,0,,spo2,2024-02-11 02:00:00+00:00,99.0
,0,,spo2,2024-02-11 02:05:00+00:00,99.7
,0,,spo2,2024-02-11 02:10:00+00:00,98.2
,0,,spo2,2024-02-11 02:15:00+00:00,97.4
,0,,spo2,2024-02-11 02:20:00+00:00,96.7
,0,,spo2,2024-02-11 02:25:00+00:00,96.9
,0,,spo2,2024-02-11 02:30:00+00:00,97.5
,0,,spo2,2024-02-11 02:35:00+00:00,99.4
,0,,spo2,2024-02-11 02:40:00+00:00,96.8
,0,,spo2,2024-02-11 02:45:00+00:00,97.3
,0,,spo2,2024-02-11 02:50:00+00:00,96.5
,0,,spo2,2024-02-11 02:55:00+00:00,98.0
,0,,spo2,2024-02-11 03:00:00+00:00,98.7
,0,,spo2,2024-02-11 03:05:00+00:00,98.2
,0,,spo2,2024-02-11 03:10:00+00:00,96.8
,0,,spo2,2024-02-11 03:15:00+00:00,98.3
,0,,spo2,2024-02-11 03:20:00+00:00,99.3
,0,,spo2,2024-02-11 03:25:00+00:00,99.1
,0,,spo2,2024-02-11 03:30:00+00:00,96.1
,0,,spo2,2024-02-11 03:35:00+00:00,98.3
,0,,spo2,2024-02-11 03:40:00+00:00,97.6
,0,,spo2,2024-02-11 03:45:00+00:00,97.4
,0,,spo2,2024-02-11 03:50:00+00:00,97.9
,0,,spo2,2024-02-11 03:55:00+00:00,97.8
,0,,spo2,2024-02-11 04:00:00+00:00,96.4
,0,,spo2,2024-02-11 04:05:00+00:00,97.5
,0,,spo2,2024-02-11 04:10:00+00:00,96.7
,0,,spo2,2024-02-11 04:15:00+00:00,97.1
,0,,spo2,2024-02-11 04:20:00+00:00,97.2
,0,,spo2,2024-02-11 04:25:00+00:00,97.6
,0,,spo2,2024-02-11 04:30:00+00:00,99.1
,0,,spo2,2024-02-11 04:35:00+00:00,97.9
,0,,spo2,2024-02-11 04:40:00+00:00,97.4
,0,,spo2,2024-02-11 04:45:00+00:00,96.5
,0,,spo2,2024-02-11 04:50:00+00:00,98.7
,0,,spo2,2024-02-11 04:55:00+00:00,96.6
,0,,spo2,2024-02-11 05:00:00+00:00,98.1
,0,,spo2,2024-02-11 05:05:00+00:00,99.2
,0,,spo2,2024-02-11 05:10:00+00:00,99.6
,0,,spo2,2024-02-11 05:15:00+00:00,96.9
,0,,spo2,2024-02-11 05:20:00+00:00,99.0
,0,,spo2,2024-02-11 05:25:00+00:00,96.2
,0,,spo2,2024-02-11 05:30:00+00:00,98.4
,0,,spo2,2024-02-11 05:35:00+00:00,96.4
,0,,spo2,2024-02-11 05:40:00+00:00,97.1
,0,,spo2,2024-02-11 05:45:00+00:00,98.2
,0,,spo2,2024-02-11 05:50:00+00:00,97.0
,0,,spo2,2024-02-11 05:55:00+00:00,97.7
,0,,spo2,2024-02-11 06:00:00+00:00,97.5
,0,,spo2,2024-02-11 06:05:00+00:00,98.8
,0,,spo2,2024-02-11 06:10:00+00:00,96.0
,0,,spo2,2024-02-11 06:15:00+00:00,98.8
,0,,spo2,2024-02-11 06:20:00+00:00,99.8
,0,,spo2,2024-02-11 06:25:00+00:00,98.5
,0,,spo2,2024-02-11 06:30:00+00:00,98.1
,0,,spo2,2024-02-11 06:35:00+00:00,98.2
,0,,spo2,2024-02-11 06:40:00+00:00,96.5
,0,,spo2,2024-02-11 06:45:00+00:00,98.8
,0,,spo2,2024-02-11 06:50:00+00:00,96.7
,0,,spo2,2024-02-11 06:55:00+00:00,97.8
,0,,spo2,2024-02-11 07:00:00+00:00,98.9
,0,,spo2,2024-02-11 07:05:00+00:00,96.6
,0,,spo2,2024-02-11 07:10:00+00:00,99.8
,0,,spo2,2024-02-11 07:15:00+00:00,98.6
,0,,spo2,2024-02-11 07:20:00+00:00,98.9
,0,,spo2,2024-02-11 21:55:00+00:00,96.0
,0,,spo2,2024-02-11 22:00:00+00:00,98.5
,0,,spo2,2024-02-11 22:05:00+00:00,96.0
,0,,spo2,2024-02-11 22:10:00+00:00,96.3
,0,,spo2,2024-02-11 22:15:00+00:00,97.3
,0,,spo2,2024-02-11 22:20:00+00:00,97.0
,0,,spo2,2024-02-11 22:25:00+00:00,98.7
,0,,spo2,2024-02-11 22:30:00+00:00,98.4
,0,,spo2,2024-02-11 22:35:00+00:00,98.7
,0,,spo2,2024-02-11 22:40:00+00:00,97.3
,0,,spo2,2024-02-11 22:45:00+00:00,98.1
,0,,spo2,2024-02-11 22:50:00+00:00,98.2
,0,,spo2,2024-02-11 22:55:00+00:00,99.2
,0,,spo2,2024-02-11 23:00:00+00:00,96.3
,0,,spo2,2024-02-11 23:05:00+00:00,98.2
,0,,spo2,2024-02-11 23:10:00+00:00,99.1
,0,,spo2,2024-02-11 23:15:00+00:00,97.8
,0,,spo2,2024-02-11 23:20:00+00:00,99.4
,0,,spo2,2024-02-11 23:25:00+00:00,96.3
,0,,spo2,2024-02-11 23:30:00+00:00,97.0
,0,,spo2,2024-02-11 23:35:00+00:00,99.7
,0,,spo2,2024-02-11 23:40:00+00:00,97.2
,0,,spo2,2024-02-11 23:45:00+00:00,96.3
,0,,spo2,2024-02-11 23:50:00+00:00,99.1
,0,,spo2,2024-02-11 23:55:00+00:00,98.8
,0,,spo2,2024-02-12 00:00:00+00:00,97.7
,0,,spo2,2024-02-12 00:05:00+00:00,97.3
,0,,spo2,2024-02-12 00:10:00+00:00,99.5
,0,,spo2,2024-02-12 00:15:00+00:00,99.8
,0,,spo2,2024-02-12 00:20:00+00:00,96.6
,0,,spo2,2024-02-12 00:25:00+00:00,97.0
,0,,spo2,2024-02-12 00:30:00+00:00,98.6
,0,,spo2,2024-02-12 00:35:00+00:00,99.1
,0,,spo2,2024-02-12 00:40:00+00:00,98.6
,0,,spo2,2024-02-12 00:45:00+00:00,97.0
,0,,spo2,2024-02-12 00:50:00+00:00,99.3
,0,,spo2,2024-02-12 00:55:00+00:00,98.1
,0,,spo2,2024-02-12 01:00:00+00:00,99.1
,0,,spo2,2024-02-12 01:05:00+00:00,99.2
,0,,spo2,2024-02-12 01:10:00+00:00,96.1
,0,,spo2,2024-02-12 01:15:00+00:00,99.0
,0,,spo2,2024-02-12 01:20:00+00:00,96.8
,0,,spo2,2024-02-12 01:25:00+00:00,96.3
,0,,spo2,2024-02-12 01:30:00+00:00,99.3
,0,,spo2,2024-02-12 01:35:00+00:00,96.8
,0,,spo2,2024-02-12 01:40:00+00:00,97.3
,0,,spo2,2024-02-12 01:45:00+00:00,99.5
,0,,spo2,2024-02-12 01:50:00+00:00,97.8
,0,,spo2,2024-02-12 01:55:00+00:00,96.9
,0,,spo2,2024-02-12 02:00:00+00:00,99.7
,0,,spo2,2024-02-12 02:05:00+00:00,96.5
,0,,spo2,2024-02-12 02:10:00+00:00,97.8
,0,,spo2,2024-02-12 02:15:00+00:00,99.6
,0,,spo2,2024-02-12 02:20:00+00:00,97.2
,0,,spo2,2024-02-12 02:25:00+00:00,97.2
,0,,spo2,2024-02-12 02:30:00+00:00,98.1
,0,,spo2,2024-02-12 02:35:00+00:00,99.8
,0,,spo2,2024-02-12 02:40:00+00:00,96.4
,0,,spo2,2024-02-12 02:45:00+00:00,99.7
,0,,spo2,2024-02-12 02:50:00+00:00,98.4
,0,,spo2,2024-02-12 02:55:00+00:00,97.2
,0,,spo2,2024-02-12 03:00:00+00:00,98.3
,0,,spo2,2024-02-12 03:05:00+00:00,96.3
,0,,spo2,2024-02-12 03:10:00+00:00,99.3
,0,,spo2,2024-02-12 03:15:00+00:00,98.4
,0,,spo2,2024-02-12 03:20:00+00:00,99.0
,0,,spo2,2024-02-12 03:25:00+00:00,97.4
,0,,spo2,2024-02-12 03:30:00+00:00,96.5
,0,,spo2,2024-02-12 03:35:00+00:00,96.4
,0,,spo2,2024-02-12 03:40:00+00:00,98.2
,0,,spo2,2024-02-12 03:45:00+00:00,97.5
,0,,spo2,2024-02-12 03:50:00+00:00,99.7
,0,,spo2,2024-02-12 03:55:00+00:00,96.7
,0,,spo2,2024-02-12 04:00:00+00:00,99.2
,0,,spo2,2024-02-12 04:05:00+00:00,97.0
,0,,spo2,2024-02-12 04:10:00+00:00,96.3
,0,,spo2,2024-02-12 04:15:00+00:00,96.9
,0,,spo2,2024-02-12 04:20:00+00:00,96.2
,0,,spo2,2024-02-12 04:25:00+00:00,97.7
,0,,spo2,2024-02-12 04:30:00+00:00,99.1
,0,,spo2,2024-02-12 04:35:00+00:00,97.8
,0,,spo2,2024-02-12 04:40:00+00:00,96.4
,0,,spo2,2024-02-12 04:45:00+00:00,97.5
,0,,spo2,2024-02-12 04:50:00+00:00,98.9
,0,,spo2,2024-02-12 04:55:00+00:00,98.0
,0,,spo2,2024-02-12 05:00:00+00:00,99.7
,0,,spo2,2024-02-12 05:05:00+00:00,96.3
,0,,spo2,2024-02-12 05:10:00+00:00,96.3
,0,,spo2,2024-02-12 05:15:00+00:00,96.7
,0,,spo2,2024-02-12 05:20:00+00:00,97.2
,0,,spo2,2024-02-12 05:25:00+00:00,98.3
,0,,spo2,2024-02-12 05:30:00+00:00,97.0
,0,,spo2,2024-02-12 05:35:00+00:00,97.4
,0,,spo2,2024-02-12 05:40:00+00:00,99.4
,0,,spo2,2024-02-12 05:45:00+00:00,97.1
,0,,spo2,2024-02-12 05:50:00+00:00,98.9
,0,,spo2,2024-02-12 05:55:00+00:00,98.3
,0,,spo2,2024-02-12 06:00:00+00:00,99.8
,0,,spo2,2024-02-12 06:05:00+00:00,99.3
,0,,spo2,2024-02-12 06:10:00+00:00,97.1
,0,,spo2,2024-02-12 06:15:00+00:00,99.7
,0,,spo2,2024-02-12 06:20:00+00:00,99.4
,0,,spo2,2024-02-12 06:25:00+00:00,97.3
,0,,spo2,2024-02-12 06:30:00+00:00,97.6
,0,,spo2,2024-02-12 06:35:00+00:00,99.0
,0,,spo2,2024-02-12 06:40:00+00:00,98.1
,0,,spo2,2024-02-12 06:45:00+00:00,96.2
,0,,spo2,2024-02-12 06:50:00+00:00,97.8
,0,,spo2,2024-02-12 06:55:00+00:00,97.1
,0,,spo2,2024-02-12 07:00:00+00:00,97.0
,0,,spo2,2024-02-12 07:05:00+00:00,99.1
,0,,spo2,2024-02-12 07:10:00+00:00,97.3
,0,,spo2,2024-02-12 07:15:00+00:00,96.6
,0,,spo2,2024-02-12 07:20:00+00:00,97.1
,0,,spo2,2024-02-12 07:25:00+00:00,99.0
,0,,spo2,2024-02-12 07:30:00+00:00,96.0
,0,,spo2,2024-02-12 07:35:00+00:00,98.2
,0,,spo2,2024-02-12 07:40:00+00:00,97.3
,0,,spo2,2024-02-12 07:45:00+00:00,96.1
,0,,spo2,2024-02-12 07:50:00+00:00,97.2
,0,,spo2,2024-02-12 07:55:00+00:00,97.9
,0,,spo2,2024-02-12 08:00:00+00:00,98.5
,0,,spo2,2024-02-12 08:05:00+00:00,97.4
,0,,spo2,2024-02-12 08:10:00+00:00,97.8
,0,,spo2,2024-02-12 21:42:00+00:00,99.0
,0,,spo2,2024-02-12 21:47:00+00:00,99.3
,0,,spo2,2024-02-12 21:52:00+00:00,96.6
,0,,spo2,2024-02-12 21:57:00+00:00,96.8
,0,,spo2,2024-02-12 22:02:00+00:00,96.6
,0,,spo2,2024-02-12 22:07:00+00:00,99.4
,0,,spo2,2024-02-12 22:12:00+00:00,99.7
,0,,spo2,2024-02-12 22:17:00+00:00,99.7
,0,,spo2,2024-02-12 22:22:00+00:00,96.5
,0,,spo2,2024-02-12 22:27:00+00:00,98.6
,0,,spo2,2024-02-12 22:32:00+00:00,98.1
,0,,spo2,2024-02-12 22:37:00+00:00,96.9
,0,,spo2,2024-02-12 22:42:00+00:00,99.4
,0,,spo2,2024-02-12 22:47:00+00:00,99.2
,0,,spo2,2024-02-12 22:52:00+00:00,98.6
,0,,spo2,2024-02-12 22:57:00+00:00,97.2
,0,,spo2,2024-02-12 23:02:00+00:00,98.0
,0,,spo2,2024-02-12 23:07:00+00:00,97.5
,0,,spo2,2024-02-12 23:12:00+00:00,98.8
,0,,spo2,2024-02-12 23:17:00+00:00,97.4
,0,,spo2,2024-02-12 23:22:00+00:00,98.8
,0,,spo2,2024-02-12 23:27:00+00:00,96.0
,0,,spo2,2024-02-12 23:32:00+00:00,97.7
,0,,spo2,2024-02-12 23:37:00+00:00,97.3
,0,,spo2,2024-02-12 23:42:00+00:00,98.2
,0,,spo2,2024-02-12 23:47:00+00:00,96.5
,0,,spo2,2024-02-12 23:52:00+00:00,96.4
,0,,spo2,2024-02-12 23:57:00+00:00,97.4
,0,,spo2,2024-02-13 00:02:00+00:00,97.2
,0,,spo2,2024-02-13 00:07:00+00:00,99.8
,0,,spo2,2024-02-13 00:12:00+00:00,96.9
,0,,spo2,2024-02-13 00:17:00+00:00,98.8
,0,,spo2,2024-02-13 00:22:00+00:00,98.5
,0,,spo2,2024-02-13 00:27:00+00:00,98.0
,0,,spo2,2024-02-13 00:32:00+00:00,99.1
,0,,spo2,2024-02-13 00:37:00+00:00,98.5
,0,,spo2,2024-02-13 00:42:00+00:00,97.6
,0,,spo2,2024-02-13 00:47:00+00:00,99.8
,0,,spo2,2024-02-13 00:52:00+00:00,96.9
,0,,spo2,2024-02-13 00:57:00+00:00,98.5
,0,,spo2,2024-02-13 01:02:00+00:00,98.0
,0,,spo2,2024-02-13 01:07:00+00:00,99.8
,0,,spo2,2024-02-13 01:12:00+00:00,99.5
,0,,spo2,2024-02-13 01:17:00+00:00,99.1
,0,,spo2,2024-02-13 01:22:00+00:00,97.2
,0,,spo2,2024-02-13 01:27:00+00:00,98.7
,0,,spo2,2024-02-13 01:32:00+00:00,99.0
,0,,spo2,2024-02-13 01:37:00+00:00,98.9
,0,,spo2,2024-02-13 01:42:00+00:00,96.7
,0,,spo2,2024-02-13 01:47:00+00:00,96.8
,0,,spo2,2024-02-13 01:52:00+00:00,98.0
,0,,spo2,2024-02-13 01:57:00+00:00,97.7
,0,,spo2,2024-02-13 02:02:00+00:00,96.7
,0,,spo2,2024-02-13 02:07:00+00:00,97.6
,0,,spo2,2024-02-13 02:12:00+00:00,96.7
,0,,spo2,2024-02-13 02:17:00+00:00,96.5
,0,,spo2,2024-02-13 02:22:00+00:00,97.2
,0,,spo2,2024-02-13 02:27:00+00:00,99.4
,0,,spo2,2024-02-13 02:32:00+00:00,97.4
,0,,spo2,2024-02-13 02:37:00+00:00,98.8
,0,,spo2,2024-02-13 02:42:00+00:00,96.4
,0,,spo2,2024-02-13 02:47:00+00:00,99.7
,0,,spo2,2024-02-13 02:52:00+00:00,96.8
,0,,spo2,2024-02-13 02:57:00+00:00,97.8
,0,,spo2,2024-02-13 03:02:00+00:00,98.6
,0,,spo2,2024-02-13 03:07:00+00:00,96.7
,0,,spo2,2024-02-13 03:12:00+00:00,98.5
,0,,spo2,2024-02-13 03:17:00+00:00,96.3
,0,,spo2,2024-02-13 03:22:00+00:00,96.1
,0,,spo2,2024-02-13 03:27:00+00:00,96.9
,0,,spo2,2024-02-13 03:32:00+00:00,96.5
,0,,spo2,2024-02-13 03:37:00+00:00,97.2
,0,,spo2,2024-02-13 03:42:00+00:00,97.3
,0,,spo2,2024-02-13 03:47:00+00:00,97.0
,0,,spo2,2024-02-13 03:52:00+00:00,98.7
,0,,spo2,2024-02-13 03:57:00+00:00,97.0
,0,,spo2,2024-02-13 04:02:00+00:00,98.1
,0,,spo2,2024-02-13 04:07:00+00:00,99.5
,0,,spo2,2024-02-13 04:12:00+00:00,96.6
,0,,spo2,2024-02-13 04:17:00+00:00,98.7
,0,,spo2,2024-02-13 04:22:00+00:00,96.5
,0,,spo2,2024-02-13 04:27:00+00:00,96.9
,0,,spo2,2024-02-13 04:32:00+00:00,98.0
,0,,spo2,2024-02-13 04:37:00+00:00,99.4
,0,,spo2,2024-02-13 04:42:00+00:00,97.9
,0,,spo2,2024-02-13 04:47:00+00:00,98.7
,0,,spo2,2024-02-13 04:52:00+00:00,98.9
,0,,spo2,2024-02-13 04:57:00+00:00,97.1
,0,,spo2,2024-02-13 05:02:00+00:00,99.7
,0,,spo2,2024-02-13 05:07:00+00:00,97.5
,0,,spo2,2024-02-13 05:12:00+00:00,99.5
,0,,spo2,2024-02-13 05:17:00+00:00,97.3
,0,,spo2,2024-02-13 05:22:00+00:00,97.7
,0,,spo2,2024-02-13 05:27:00+00:00,96.4
,0,,spo2,2024-02-13 05:32:00+00:00,99.2
,0,,spo2,2024-02-13 05:37:00+00:00,96.3
,0,,spo2,2024-02-13 05:42:00+00:00,99.4
,0,,spo2,2024-02-13 05:47:00+00:00,98.5
,0,,spo2,2024-02-13 05:52:00+00:00,97.3
,0,,spo2,2024-02-13 05:57:00+00:00,98.6
,0,,spo2,2024-02-13 06:02:00+00:00,97.1
,0,,spo2,2024-02-13 06:07:00+00:00,99.5
,0,,spo2,2024-02-13 06:12:00+00:00,98.1
,0,,spo2,2024-02-13 06:17:00+00:00,99.1
,0,,spo2,2024-02-13 06:22:00+00:00,99.3
,0,,spo2,2024-02-13 06:27:00+00:00,96.9
,0,,spo2,2024-02-13 06:32:00+00:00,99.1
,0,,spo2,2024-02-13 06:37:00+00:00,99.8
,0,,spo2,2024-02-13 06:42:00+00:00,96.2
,0,,spo2,2024-02-13 06:47:00+00:00,98.1
,0,,spo2,2024-02-13 06:52:00+00:00,99.2
,0,,spo2,2024-02-13 06:57:00+00:00,99.0
,0,,spo2,2024-02-13 07:02:00+00:00,97.3
,0,,spo2,2024-02-13 07:07:00+00:00,97.5
,0,,spo2,2024-02-13 07:12:00+00:00,98.4
,0,,spo2,2024-02-13 07:17:00+00:00,99.0
,0,,spo2,2024-02-13 07:22:00+00:00,99.3
,0,,spo2,2024-02-13 07:27:00+00:00,98.5
,0,,spo2,2024-02-13 07:32:00+00:00,99.2
,0,,spo2,2024-02-13 07:37:00+00:00,96.3
,0,,spo2,2024-02-13 07:42:00+00:00,98.7
,0,,spo2,2024-02-13 07:47:00+00:00,96.8
,0,,spo2,2024-02-13 07:52:00+00:00,98.1
,0,,spo2,2024-02-13 07:57:00+00:00,99.4
,0,,spo2,2024-02-13 08:02:00+00:00,96.3
,0,,spo2,2024-02-13 08:07:00+00:00,97.1
,0,,spo2,2024-02-13 08:12:00+00:00,98.5
,0,,spo2,2024-02-13 08:17:00+00:00,97.5
,0,,spo2,2024-02-13 08:22:00+00:00,97.1
,0,,spo2,2024-02-13 22:51:00+00:00,96.0
,0,,spo2,2024-02-13 22:56:00+00:00,99.0
,0,,spo2,2024-02-13 23:01:00+00:00,98.2
,0,,spo2,2024-02-13 23:06:00+00:00,99.0
,0,,spo2,2024-02-13 23:11:00+00:00,97.7
,0,,spo2,2024-02-13 23:16:00+00:00,98.7
,0,,spo2,2024-02-13 23:21:00+00:00,96.9
,0,,spo2,2024-02-13 23:26:00+00:00,97.8
,0,,spo2,2024-02-13 23:31:00+00:00,96.5
,0,,spo2,2024-02-13 23:36:00+00:00,97.0
,0,,spo2,2024-02-13 23:41:00+00:00,97.3
,0,,spo2,2024-02-13 23:46:00+00:00,97.0
,0,,spo2,2024-02-13 23:51:00+00:00,96.0
,0,,spo2,2024-02-13 23:56:00+00:00,97.7
,0,,spo2,2024-02-14 00:01:00+00:00,97.9
,0,,spo2,2024-02-14 00:06:00+00:00,97.2
,0,,spo2,2024-02-14 00:11:00+00:00,97.2
,0,,spo2,2024-02-14 00:16:00+00:00,98.2
,0,,spo2,2024-02-14 00:21:00+00:00,98.3
,0,,spo2,2024-02-14 00:26:00+00:00,96.4
,0,,spo2,2024-02-14 00:31:00+00:00,97.3
,0,,spo2,2024-02-14 00:36:00+00:00,96.1
,0,,spo2,2024-02-14 00:41:00+00:00,98.1
,0,,spo2,2024-02-14 00:46:00+00:00,97.6
,0,,spo2,2024-02-14 00:51:00+00:00,99.3
,0,,spo2,2024-02-14 00:56:00+00:00,96.1
,0,,spo2,2024-02-14 01:01:00+00:00,96.9
,0,,spo2,2024-02-14 01:06:00+00:00,97.2
,0,,spo2,2024-02-14 01:11:00+00:00,99.0
,0,,spo2,2024-02-14 01:16:00+00:00,98.1
,0,,spo2,2024-02-14 01:21:00+00:00,97.6
,0,,spo2,2024-02-14 01:26:00+00:00,99.5
,0,,spo2,2024-02-14 01:31:00+00:00,97.7
,0,,spo2,2024-02-14 01:36:00+00:00,99.6
,0,,spo2,2024-02-14 01:41:00+00:00,98.9
,0,,spo2,2024-02-14 01:46:00+00:00,98.4
,0,,spo2,2024-02-14 01:51:00+00:00,98.2
,0,,spo2,2024-02-14 01:56:00+00:00,97.3
,0,,spo2,2024-02-14 02:01:00+00:00,97.1
,0,,spo2,2024-02-14 02:06:00+00:00,96.9
,0,,spo2,2024-02-14 02:11:00+00:00,96.4
,0,,spo2,2024-02-14 02:16:00+00:00,96.7
,0,,spo2,2024-02-14 02:21:00+00:00,96.2
,0,,spo2,2024-02-14 02:26:00+00:00,96.8
,0,,spo2,2024-02-14 02:31:00+00:00,97.5
,0,,spo2,2024-02-14 02:36:00+00:00,97.6
,0,,spo2,2024-02-14 02:41:00+00:00,98.1
,0,,spo2,2024-02-14 02:46:00+00:00,97.0
,0,,spo2,2024-02-14 02:51:00+00:00,97.2
,0,,spo2,2024-02-14 02:56:00+00:00,97.6
,0,,spo2,2024-02-14 03:01:00+00:00,98.8
,0,,spo2,2024-02-14 03:06:00+00:00,99.0
,0,,spo2,2024-02-14 03:11:00+00:00,98.4
,0,,spo2,2024-02-14 03:16:00+00:00,97.8
,0,,spo2,2024-02-14 03:21:00+00:00,96.9
,0,,spo2,2024-02-14 03:26:00+00:00,96.7
,0,,spo2,2024-02-14 03:31:00+00:00,98.1
,0,,spo2,2024-02-14 03:36:00+00:00,96.0
,0,,spo2,2024-02-14 03:41:00+00:00,98.2
,0,,spo2,2024-02-14 03:46:00+00:00,98.9
,0,,spo2,2024-02-14 03:51:00+00:00,98.9
,0,,spo2,2024-02-14 03:56:00+00:00,97.0
,0,,spo2,2024-02-14 04:01:00+00:00,96.8
,0,,spo2,2024-02-14 04:06:00+00:00,98.1
,0,,spo2,2024-02-14 04:11:00+00:00,97.3
,0,,spo2,2024-02-14 04:16:00+00:00,98.5
,0,,spo2,2024-02-14 04:21:00+00:00,98.0
,0,,spo2,2024-02-14 04:26:00+00:00,98.6
,0,,spo2,2024-02-14 04:31:00+00:00,97.2
,0,,spo2,2024-02-14 04:36:00+00:00,98.8
,0,,spo2,2024-02-14 04:41:00+00:00,99.8
,0,,spo2,2024-02-14 04:46:00+00:00,99.7
,0,,spo2,2024-02-14 04:51:00+00:00,97.4
,0,,spo2,2024-02-14 04:56:00+00:00,98.5
,0,,spo2,2024-02-14 05:01:00+00:00,96.4
,0,,spo2,2024-02-14 05:06:00+00:00,97.3
,0,,spo2,2024-02-14 05:11:00+00:00,96.3
,0,,spo2,2024-02-14 05:16:00+00:00,97.9
,0,,spo2,2024-02-14 05:21:00+00:00,96.6
,0,,spo2,2024-02-14 05:26:00+00:00,97.8
,0,,spo2,2024-02-14 05:31:00+00:00,99.2
,0,,spo2,2024-02-14 05:36:00+00:00,99.3
,0,,spo2,2024-02-14 05:41:00+00:00,97.7
,0,,spo2,2024-02-14 05:46:00+00:00,97.9
,0,,spo2,2024-02-14 05:51:00+00:00,96.6
,0,,spo2,2024-02-14 05:56:00+00:00,97.4
,0,,spo2,2024-02-14 06:01:00+00:00,99.4
,0,,spo2,2024-02-14 06:06:00+00:00,96.5
,0,,spo2,2024-02-14 06:11:00+00:00,96.2
,0,,spo2,2024-02-14 06:16:00+00:00,99.6
,0,,spo2,2024-02-14 06:21:00+00:00,96.6
,0,,spo2,2024-02-14 06:26:00+00:00,96.9
,0,,spo2,2024-02-14 06:31:00+00:00,98.9
,0,,spo2,2024-02-14 06:36:00+00:00,99.5
,0,,spo2,2024-02-14 06:41:00+00:00,98.3
,0,,spo2,2024-02-14 06:46:00+00:00,98.7
,0,,spo2,2024-02-14 06:51:00+00:00,99.1
,0,,spo2,2024-02-14 06:56:00+00:00,97.2
,0,,spo2,2024-02-14 07:01:00+00:00,98.8
,0,,spo2,2024-02-14 07:06:00+00:00,97.5
,0,,spo2,2024-02-14 07:11:00+00:00,99.1
,0,,spo2,2024-02-14 07:16:00+00:00,99.6
,0,,spo2,2024-02-14 23:41:00+00:00,97.8
,0,,spo2,2024-02-14 23:46:00+00:00,96.5
,0,,spo2,2024-02-14 23:51:00+00:00,98.6
,0,,spo2,2024-02-14 23:56:00+00:00,98.2
,0,,spo2,2024-02-15 00:01:00+00:00,97.2
,0,,spo2,2024-02-15 00:06:00+00:00,97.9
,0,,spo2,2024-02-15 00:11:00+00:00,98.7
,0,,spo2,2024-02-15 00:16:00+00:00,96.6
,0,,spo2,2024-02-15 00:21:00+00:00,98.4
,0,,spo2,2024-02-15 00:26:00+00:00,97.3
,0,,spo2,2024-02-15 00:31:00+00:00,99.6
,0,,spo2,2024-02-15 00:36:00+00:00,96.9
,0,,spo2,2024-02-15 00:41:00+00:00,96.4
,0,,spo2,2024-02-15 00:46:00+00:00,97.8
,0,,spo2,2024-02-15 00:51:00+00:00,96.1
,0,,spo2,2024-02-15 00:56:00+00:00,96.2
,0,,spo2,2024-02-15 01:01:00+00:00,96.7
,0,,spo2,2024-02-15 01:06:00+00:00,98.5
,0,,spo2,2024-02-15 01:11:00+00:00,98.7
,0,,spo2,2024-02-15 01:16:00+00:00,98.2
,0,,spo2,2024-02-15 01:21:00+00:00,99.6
,0,,spo2,2024-02-15 01:26:00+00:00,96.9
,0,,spo2,2024-02-15 01:31:00+00:00,96.2
,0,,spo2,2024-02-15 01:36:00+00:00,98.3
,0,,spo2,2024-02-15 01:41:00+00:00,99.6
,0,,spo2,2024-02-15 01:46:00+00:00,97.9
,0,,spo2,2024-02-15 01:51:00+00:00,96.6
,0,,spo2,2024-02-15 01:56:00+00:00,96.4
,0,,spo2,2024-02-15 02:01:00+00:00,96.6
,0,,spo2,2024-02-15 02:06:00+00:00,98.6
,0,,spo2,2024-02-15 02:11:00+00:00,97.1
,0,,spo2,2024-02-15 02:16:00+00:00,96.2
,0,,spo2,2024-02-15 02:21:00+00:00,98.7
,0,,spo2,2024-02-15 02:26:00+00:00,96.7
,0,,spo2,2024-02-15 02:31:00+00:00,98.0
,0,,spo2,2024-02-15 02:36:00+00:00,97.2
,0,,spo2,2024-02-15 02:41:00+00:00,96.3
,0,,spo2,2024-02-15 02:46:00+00:00,99.4
,0,,spo2,2024-02-15 02:51:00+00:00,98.2
,0,,spo2,2024-02-15 02:56:00+00:00,98.0
,0,,spo2,2024-02-15 03:01:00+00:00,99.5
,0,,spo2,2024-02-15 03:06:00+00:00,96.2
,0,,spo2,2024-02-15 03:11:00+00:00,96.4
,0,,spo2,2024-02-15 03:16:00+00:00,99.5
,0,,spo2,2024-02-15 03:21:00+00:00,98.0
,0,,spo2,2024-02-15 03:26:00+00:00,98.0
,0,,spo2,2024-02-15 03:31:00+00:00,96.5
,0,,spo2,2024-02-15 03:36:00+00:00,98.7
,0,,spo2,2024-02-15 03:41:00+00:00,98.2
,0,,spo2,2024-02-15 03:46:00+00:00,96.9
,0,,spo2,2024-02-15 03:51:00+00:00,96.3
,0,,spo2,2024-02-15 03:56:00+00:00,96.7
,0,,spo2,2024-02-15 04:01:00+00:00,98.2
,0,,spo2,2024-02-15 04:06:00+00:00,97.2
,0,,spo2,2024-02-15 04:11:00+00:00,99.8
,0,,spo2,2024-02-15 04:16:00+00:00,98.4
,0,,spo2,2024-02-15 04:21:00+00:00,98.6
,0,,spo2,2024-02-15 04:26:00+00:00,96.8
,0,,spo2,2024-02-15 04:31:00+00:00,98.8
,0,,spo2,2024-02-15 04:36:00+00:00,96.3
,0,,spo2,2024-02-15 04:41:00+00:00,97.9
,0,,spo2,2024-02-15 04:46:00+00:00,99.7
,0,,spo2,2024-02-15 04:51:00+00:00,98.0
,0,,spo2,2024-02-15 04:56:00+00:00,99.0
,0,,spo2,2024-02-15 05:01:00+00:00,98.3
,0,,spo2,2024-02-15 05:06:00+00:00,96.3
,0,,spo2,2024-02-15 05:11:00+00:00,99.2
,0,,spo2,2024-02-15 05:16:00+00:00,96.2
,0,,spo2,2024-02-15 05:21:00+00:00,96.2
,0,,spo2,2024-02-15 05:26:00+00:00,98.4
,0,,spo2,2024-02-15 05:31:00+00:00,99.5
,0,,spo2,2024-02-15 05:36:00+00:00,96.9
,0,,spo2,2024-02-15 05:41:00+00:00,98.8
,0,,spo2,2024-02-15 05:46:00+00:00,96.1
,0,,spo2,2024-02-15 05:51:00+00:00,97.4
,0,,spo2,2024-02-15 05:56:00+00:00,96.8
,0,,spo2,2024-02-15 06:01:00+00:00,97.3
,0,,spo2,2024-02-15 06:06:00+00:00,98.1
,0,,spo2,2024-02-15 06:11:00+00:00,98.4
,0,,spo2,2024-02-15 06:16:00+00:00,98.2
,0,,spo2,2024-02-15 06:21:00+00:00,98.6
,0,,spo2,2024-02-15 06:26:00+00:00,97.1
,0,,spo2,2024-02-15 21:53:00+00:00,96.2
,0,,spo2,2024-02-15 21:58:00+00:00,96.0
,0,,spo2,2024-02-15 22:03:00+00:00,96.4
,0,,spo2,2024-02-15 22:08:00+00:00,97.7
,0,,spo2,2024-02-15 22:13:00+00:00,99.4
,0,,spo2,2024-02-15 22:18:00+00:00,96.7
,0,,spo2,2024-02-15 22:23:00+00:00,96.1
,0,,spo2,2024-02-15 22:28:00+00:00,97.6
,0,,spo2,2024-02-15 22:33:00+00:00,96.8
,0,,spo2,2024-02-15 22:38:00+00:00,96.1
,0,,spo2,2024-02-15 22:43:00+00:00,97.7
,0,,spo2,2024-02-15 22:48:00+00:00,96.2
,0,,spo2,2024-02-15 22:53:00+00:00,98.8
,0,,spo2,2024-02-15 22:58:00+00:00,96.0
,0,,spo2,2024-02-15 23:03:00+00:00,96.9
,0,,spo2,2024-02-15 23:08:00+00:00,96.8
,0,,spo2,2024-02-15 23:13:00+00:00,99.2
,0,,spo2,2024-02-15 23:18:00+00:00,98.1
,0,,spo2,2024-02-15 23:23:00+00:00,99.5
,0,,spo2,2024-02-15 23:28:00+00:00,97.1
,0,,spo2,2024-02-15 23:33:00+00:00,97.2
,0,,spo2,2024-02-15 23:38:00+00:00,97.9
,0,,spo2,2024-02-15 23:43:00+00:00,97.8
,0,,spo2,2024-02-15 23:48:00+00:00,99.3
,0,,spo2,2024-02-15 23:53:00+00:00,97.4
,0,,spo2,2024-02-15 23:58:00+00:00,98.7
,0,,spo2,2024-02-16 00:03:00+00:00,98.7
,0,,spo2,2024-02-16 00:08:00+00:00,96.2
,0,,spo2,2024-02-16 00:13:00+00:00,98.4
,0,,spo2,2024-02-16 00:18:00+00:00,96.0
,0,,spo2,2024-02-16 00:23:00+00:00,99.7
,0,,spo2,2024-02-16 00:28:00+00:00,97.3
,0,,spo2,2024-02-16 00:33:00+00:00,98.8
,0,,spo2,2024-02-16 00:38:00+00:00,96.6
,0,,spo2,2024-02-16 00:43:00+00:00,97.9
,0,,spo2,2024-02-16 00:48:00+00:00,96.3
,0,,spo2,2024-02-16 00:53:00+00:00,97.3
,0,,spo2,2024-02-16 00:58:00+00:00,99.2
,0,,spo2,2024-02-16 01:03:00+00:00,99.2
,0,,spo2,2024-02-16 01:08:00+00:00,99.1
,0,,spo2,2024-02-16 01:13:00+00:00,99.8
,0,,spo2,2024-02-16 01:18:00+00:00,97.4
,0,,spo2,2024-02-16 01:23:00+00:00,98.0
,0,,spo2,2024-02-16 01:28:00+00:00,96.4
,0,,spo2,2024-02-16 01:33:00+00:00,98.6
,0,,spo2,2024-02-16 01:38:00+00:00,98.3
,0,,spo2,2024-02-16 01:43:00+00:00,96.0
,0,,spo2,2024-02-16 01:48:00+00:00,96.3
,0,,spo2,2024-02-16 01:53:00+00:00,97.3
,0,,spo2,2024-02-16 01:58:00+00:00,98.8
,0,,spo2,2024-02-16 02:03:00+00:00,97.1
,0,,spo2,2024-02-16 02:08:00+00:00,99.8
,0,,spo2,2024-02-16 02:13:00+00:00,96.3
,0,,spo2,2024-02-16 02:18:00+00:00,97.3
,0,,spo2,2024-02-16 02:23:00+00:00,96.3
,0,,spo2,2024-02-16 02:28:00+00:00,98.4
,0,,spo2,2024-02-16 02:33:00+00:00,96.0
,0,,spo2,2024-02-16 02:38:00+00:00,97.0
,0,,spo2,2024-02-16 02:43:00+00:00,99.6
,0,,spo2,2024-02-16 02:48:00+00:00,99.0
,0,,spo2,2024-02-16 02:53:00+00:00,98.1
,0,,spo2,2024-02-16 02:58:00+00:00,98.1
,0,,spo2,2024-02-16 03:03:00+00:00,96.2
,0,,spo2,2024-02-16 03:08:00+00:00,97.0
,0,,spo2,2024-02-16 03:13:00+00:00,97.1
,0,,spo2,2024-02-16 03:18:00+00:00,98.7
,0,,spo2,2024-02-16 03:23:00+00:00,96.9
,0,,spo2,2024-02-16 03:28:00+00:00,98.1
,0,,spo2,2024-02-16 03:33:00+00:00,99.7
,0,,spo2,2024-02-16 03:38:00+00:00,96.6
,0,,spo2,2024-02-16 03:43:00+00:00,98.7
,0,,spo2,2024-02-16 03:48:00+00:00,98.5
,0,,spo2,2024-02-16 03:53:00+00:00,97.1
,0,,spo2,2024-02-16 03:58:00+00:00,96.8
,0,,spo2,2024-02-16 04:03:00+00:00,98.6
,0,,spo2,2024-02-16 04:08:00+00:00,99.4
,0,,spo2,2024-02-16 04:13:00+00:00,99.1
,0,,spo2,2024-02-16 04:18:00+00:00,96.6
,0,,spo2,2024-02-16 04:23:00+00:00,96.4
,0,,spo2,2024-02-16 04:28:00+00:00,98.8
,0,,spo2,2024-02-16 04:33:00+00:00,98.0
,0,,spo2,2024-02-16 04:38:00+00:00,98.8
,0,,spo2,2024-02-16 04:43:00+00:00,98.9
,0,,spo2,2024-02-16 04:48:00+00:00,98.4
,0,,spo2,2024-02-16 04:53:00+00:00,99.5
,0,,spo2,2024-02-16 04:58:00+00:00,96.1
,0,,spo2,2024-02-16 05:03:00+00:00,98.0
,0,,spo2,2024-02-16 05:08:00+00:00,99.3
,0,,spo2,2024-02-16 05:13:00+00:00,98.8
,0,,spo2,2024-02-16 05:18:00+00:00,98.0
,0,,spo2,2024-02-16 05:23:00+00:00,96.1
,0,,spo2,2024-02-16 05:28:00+00:00,99.7
,0,,spo2,2024-02-16 05:33:00+00:00,97.3
,0,,spo2,2024-02-16 05:38:00+00:00,96.9
,0,,spo2,2024-02-16 05:43:00+00:00,96.5
,0,,spo2,2024-02-16 05:48:00+00:00,96.1
,0,,spo2,2024-02-16 05:53:00+00:00,96.7
,0,,spo2,2024-02-16 05:58:00+00:00,98.9
,0,,spo2,2024-02-16 06:03:00+00:00,99.8
,0,,spo2,2024-02-16 06:08:00+00:00,96.6
,0,,spo2,2024-02-16 06:13:00+00:00,99.8
,0,,spo2,2024-02-16 06:18:00+00:00,99.1
,0,,spo2,2024-02-16 06:23:00+00:00,96.1
,0,,spo2,2024-02-16 06:28:00+00:00,97.8
,0,,spo2,2024-02-16 06:33:00+00:00,99.1
,0,,spo2,2024-02-16 06:38:00+00:00,99.1
,0,,spo2,2024-02-16 06:43:00+00:00,97.6
,0,,spo2,2024-02-16 06:48:00+00:00,96.2
,0,,spo2,2024-02-16 06:53:00+00:00,98.2
,0,,spo2,2024-02-16 06:58:00+00:00,98.3
,0,,spo2,2024-02-16 07:03:00+00:00,99.7
,0,,spo2,2024-02-16 07:08:00+00:00,96.5
,0,,spo2,2024-02-16 07:13:00+00:00,98.9
,0,,spo2,2024-02-16 07:18:00+00:00,99.2
,0,,spo2,2024-02-16 07:23:00+00:00,97.7
,0,,spo2,2024-02-16 07:28:00+00:00,97.3
,0,,spo2,2024-02-16 07:33:00+00:00,96.0
,0,,spo2,2024-02-16 07:38:00+00:00,98.2
,0,,spo2,2024-02-16 07:43:00+00:00,96.0
,0,,spo2,2024-02-16 07:48:00+00:00,98.4
,0,,spo2,2024-02-16 07:53:00+00:00,98.1
,0,,spo2,2024-02-16 07:58:00+00:00,97.1
,0,,spo2,2024-02-16 08:03:00+00:00,99.2
,0,,spo2,2024-02-16 08:08:00+00:00,97.8
,0,,spo2,2024-02-16 08:13:00+00:00,97.7
,0,,spo2,2024-02-16 23:41:00+00:00,96.9
,0,,spo2,2024-02-16 23:46:00+00:00,98.1
,0,,spo2,2024-02-16 23:51:00+00:00,99.5
,0,,spo2,2024-02-16 23:56:00+00:00,96.7
,0,,spo2,2024-02-17 00:01:00+00:00,98.2
,0,,spo2,2024-02-17 00:06:00+00:00,99.1
,0,,spo2,2024-02-17 00:11:00+00:00,99.5
,0,,spo2,2024-02-17 00:16:00+00:00,96.8
,0,,spo2,2024-02-17 00:21:00+00:00,96.8
,0,,spo2,2024-02-17 00:26:00+00:00,96.6
,0,,spo2,2024-02-17 00:31:00+00:00,96.0
,0,,spo2,2024-02-17 00:36:00+00:00,96.1
,0,,spo2,2024-02-17 00:41:00+00:00,98.0
,0,,spo2,2024-02-17 00:46:00+00:00,98.0
,0,,spo2,2024-02-17 00:51:00+00:00,98.6
,0,,spo2,2024-02-17 00:56:00+00:00,98.2
,0,,spo2,2024-02-17 01:01:00+00:00,99.2
,0,,spo2,2024-02-17 01:06:00+00:00,97.7
,0,,spo2,2024-02-17 01:11:00+00:00,97.5
,0,,spo2,2024-02-17 01:16:00+00:00,96.6
,0,,spo2,2024-02-17 01:21:00+00:00,96.7
,0,,spo2,2024-02-17 01:26:00+00:00,99.4
,0,,spo2,2024-02-17 01:31:00+00:00,97.4
,0,,spo2,2024-02-17 01:36:00+00:00,99.6
,0,,spo2,2024-02-17 01:41:00+00:00,97.8
,0,,spo2,2024-02-17 01:46:00+00:00,97.6
,0,,spo2,2024-02-17 01:51:00+00:00,98.9
,0,,spo2,2024-02-17 01:56:00+00:00,97.2
,0,,spo2,2024-02-17 02:01:00+00:00,98.5
,0,,spo2,2024-02-17 02:06:00+00:00,96.4
,0,,spo2,2024-02-17 02:11:00+00:00,96.3
,0,,spo2,2024-02-17 02:16:00+00:00,99.3
,0,,spo2,2024-02-17 02:21:00+00:00,98.1
,0,,spo2,2024-02-17 02:26:00+00:00,99.8
,0,,spo2,2024-02-17 02:31:00+00:00,99.6
,0,,spo2,2024-02-17 02:36:00+00:00,99.5
,0,,spo2,2024-02-17 02:41:00+00:00,97.7
,0,,spo2,2024-02-17 02:46:00+00:00,99.1
,0,,spo2,2024-02-17 02:51:00+00:00,99.8
,0,,spo2,2024-02-17 02:56:00+00:00,97.8
,0,,spo2,2024-02-17 03:01:00+00:00,99.7
,0,,spo2,2024-02-17 03:06:00+00:00,99.8
,0,,spo2,2024-02-17 03:11:00+00:00,96.5
,0,,spo2,2024-02-17 03:16:00+00:00,96.7
,0,,spo2,2024-02-17 03:21:00+00:00,97.9
,0,,spo2,2024-02-17 03:26:00+00:00,96.5
,0,,spo2,2024-02-17 03:31:00+00:00,98.0
,0,,spo2,2024-02-17 03:36:00+00:00,98.4
,0,,spo2,2024-02-17 03:41:00+00:00,96.8
,0,,spo2,2024-02-17 03:46:00+00:00,99.3
,0,,spo2,2024-02-17 03:51:00+00:00,96.0
,0,,spo2,2024-02-17 03:56:00+00:00,98.2
,0,,spo2,2024-02-17 04:01:00+00:00,97.6
,0,,spo2,2024-02-17 04:06:00+00:00,96.4
,0,,spo2,2024-02-17 04:11:00+00:00,99.2
,0,,spo2,2024-02-17 04:16:00+00:00,99.2
,0,,spo2,2024-02-17 04:21:00+00:00,98.3
,0,,spo2,2024-02-17 04:26:00+00:00,97.6
,0,,spo2,2024-02-17 04:31:00+00:00,99.7
,0,,spo2,2024-02-17 04:36:00+00:00,97.1
,0,,spo2,2024-02-17 04:41:00+00:00,99.4
,0,,spo2,2024-02-17 04:46:00+00:00,96.1
,0,,spo2,2024-02-17 04:51:00+00:00,98.8
,0,,spo2,2024-02-17 04:56:00+00:00,97.9
,0,,spo2,2024-02-17 05:01:00+00:00,96.7
,0,,spo2,2024-02-17 05:06:00+00:00,96.5
,0,,spo2,2024-02-17 05:11:00+00:00,98.1
,0,,spo2,2024-02-17 05:16:00+00:00,97.0
,0,,spo2,2024-02-17 05:21:00+00:00,98.2
,0,,spo2,2024-02-17 05:26:00+00:00,96.9
,0,,spo2,2024-02-17 05:31:00+00:00,96.6
,0,,spo2,2024-02-17 05:36:00+00:00,98.9
,0,,spo2,2024-02-17 05:41:00+00:00,97.2
,0,,spo2,2024-02-17 05:46:00+00:00,97.6
,0,,spo2,2024-02-17 05:51:00+00:00,98.6
,0,,spo2,2024-02-17 05:56:00+00:00,99.0
,0,,spo2,2024-02-17 06:01:00+00:00,98.1
,0,,spo2,2024-02-17 06:06:00+00:00,96.1
,0,,spo2,2024-02-17 06:11:00+00:00,96.1
,0,,spo2,2024-02-17 06:16:00+00:00,97.4
,0,,spo2,2024-02-17 06:21:00+00:00,99.3
,0,,spo2,2024-02-17 06:26:00+00:00,98.6
,0,,spo2,2024-02-17 23:47:00+00:00,96.1
,0,,spo2,2024-02-17 23:52:00+00:00,97.2
,0,,spo2,2024-02-17 23:57:00+00:00,96.4
,0,,spo2,2024-02-18 00:02:00+00:00,96.7
,0,,spo2,2024-02-18 00:07:00+00:00,99.2
,0,,spo2,2024-02-18 00:12:00+00:00,98.4
,0,,spo2,2024-02-18 00:17:00+00:00,97.5
,0,,spo2,2024-02-18 00:22:00+00:00,97.0
,0,,spo2,2024-02-18 00:27:00+00:00,97.7
,0,,spo2,2024-02-18 00:32:00+00:00,98.3
,0,,spo2,2024-02-18 00:37:00+00:00,98.0
,0,,spo2,2024-02-18 00:42:00+00:00,97.1
,0,,spo2,2024-02-18 00:47:00+00:00,98.2
,0,,spo2,2024-02-18 00:52:00+00:00,97.2
,0,,spo2,2024-02-18 00:57:00+00:00,98.5
,0,,spo2,2024-02-18 01:02:00+00:00,96.5
,0,,spo2,2024-02-18 01:07:00+00:00,96.8
,0,,spo2,2024-02-18 01:12:00+00:00,97.7
,0,,spo2,2024-02-18 01:17:00+00:00,98.4
,0,,spo2,2024-02-18 01:22:00+00:00,98.7
,0,,spo2,2024-02-18 01:27:00+00:00,98.4
,0,,spo2,2024-02-18 01:32:00+00:00,96.7
,0,,spo2,2024-02-18 01:37:00+00:00,96.2
,0,,spo2,2024-02-18 01:42:00+00:00,98.9
,0,,spo2,2024-02-18 01:47:00+00:00,96.7
,0,,spo2,2024-02-18 01:52:00+00:00,98.3
,0,,spo2,2024-02-18 01:57:00+00:00,96.7
,0,,spo2,2024-02-18 02:02:00+00:00,96.6
,0,,spo2,2024-02-18 02:07:00+00:00,99.8
,0,,spo2,2024-02-18 02:12:00+00:00,97.5
,0,,spo2,2024-02-18 02:17:00+00:00,99.5
,0,,spo2,2024-02-18 02:22:00+00:00,98.9
,0,,spo2,2024-02-18 02:27:00+00:00,98.0
,0,,spo2,2024-02-18 02:32:00+00:00,97.9
,0,,spo2,2024-02-18 02:37:00+00:00,99.4
,0,,spo2,2024-02-18 02:42:00+00:00,97.2
,0,,spo2,2024-02-18 02:47:00+00:00,97.5
,0,,spo2,2024-02-18 02:52:00+00:00,96.2
,0,,spo2,2024-02-18 02:57:00+00:00,99.7
,0,,spo2,2024-02-18 03:02:00+00:00,96.8
,0,,spo2,2024-02-18 03:07:00+00:00,96.2
,0,,spo2,2024-02-18 03:12:00+00:00,99.2
,0,,spo2,2024-02-18 03:17:00+00:00,99.1
,0,,spo2,2024-02-18 03:22:00+00:00,98.9
,0,,spo2,2024-02-18 03:27:00+00:00,96.8
,0,,spo2,2024-02-18 03:32:00+00:00,97.8
,0,,spo2,2024-02-18 03:37:00+00:00,99.0
,0,,spo2,2024-02-18 03:42:00+00:00,99.7
,0,,spo2,2024-02-18 03:47:00+00:00,96.9
,0,,spo2,2024-02-18 03:52:00+00:00,98.8
,0,,spo2,2024-02-18 03:57:00+00:00,98.1
,0,,spo2,2024-02-18 04:02:00+00:00,97.8
,0,,spo2,2024-02-18 04:07:00+00:00,99.2
,0,,spo2,2024-02-18 04:12:00+00:00,98.1
,0,,spo2,2024-02-18 04:17:00+00:00,96.3
,0,,spo2,2024-02-18 04:22:00+00:00,97.1
,0,,spo2,2024-02-18 04:27:00+00:00,99.8
,0,,spo2,2024-02-18 04:32:00+00:00,97.1
,0,,spo2,2024-02-18 04:37:00+00:00,96.6
,0,,spo2,2024-02-18 04:42:00+00:00,98.5
,0,,spo2,2024-02-18 04:47:00+00:00,96.7
,0,,spo2,2024-02-18 04:52:00+00:00,98.0
,0,,spo2,2024-02-18 04:57:00+00:00,98.4
,0,,spo2,2024-02-18 05:02:00+00:00,96.2
,0,,spo2,2024-02-18 05:07:00+00:00,97.7
,0,,spo2,2024-02-18 05:12:00+00:00,96.3
,0,,spo2,2024-02-18 05:17:00+00:00,96.9
,0,,spo2,2024-02-18 05:22:00+00:00,99.8
,0,,spo2,2024-02-18 05:27:00+00:00,97.8
,0,,spo2,2024-02-18 05:32:00+00:00,99.7
,0,,spo2,2024-02-18 05:37:00+00:00,97.9
,0,,spo2,2024-02-18 05:42:00+00:00,97.4
,0,,spo2,2024-02-18 05:47:00+00:00,98.2
,0,,spo2,2024-02-18 05:52:00+00:00,99.5
,0,,spo2,2024-02-18 05:57:00+00:00,97.2
,0,,spo2,2024-02-18 06:02:00+00:00,96.1
,0,,spo2,2024-02-18 06:07:00+00:00,97.7
,0,,spo2,2024-02-18 06:12:00+00:00,98.4
,0,,spo2,2024-02-18 06:17:00+00:00,96.5
,0,,spo2,2024-02-18 21:52:00+00:00,99.0
,0,,spo2,2024-02-18 21:57:00+00:00,98.2
,0,,spo2,2024-02-18 22:02:00+00:00,97.3
,0,,spo2,2024-02-18 22:07:00+00:00,99.8
,0,,spo2,2024-02-18 22:12:00+00:00,99.5
,0,,spo2,2024-02-18 22:17:00+00:00,99.4
,0,,spo2,2024-02-18 22:22:00+00:00,96.1
,0,,spo2,2024-02-18 22:27:00+00:00,96.0
,0,,spo2,2024-02-18 22:32:00+00:00,99.4
,0,,spo2,2024-02-18 22:37:00+00:00,97.6
,0,,spo2,2024-02-18 22:42:00+00:00,98.7
,0,,spo2,2024-02-18 22:47:00+00:00,96.9
,0,,spo2,2024-02-18 22:52:00+00:00,97.1
,0,,spo2,2024-02-18 22:57:00+00:00,96.3
,0,,spo2,2024-02-18 23:02:00+00:00,98.0
,0,,spo2,2024-02-18 23:07:00+00:00,97.3
,0,,spo2,2024-02-18 23:12:00+00:00,96.2
,0,,spo2,2024-02-18 23:17:00+00:00,98.9
,0,,spo2,2024-02-18 23:22:00+00:00,98.4
,0,,spo2,2024-02-18 23:27:00+00:00,98.2
,0,,spo2,2024-02-18 23:32:00+00:00,97.7
,0,,spo2,2024-02-18 23:37:00+00:00,98.8
,0,,spo2,2024-02-18 23:42:00+00:00,97.6
,0,,spo2,2024-02-18 23:47:00+00:00,97.4
,0,,spo2,2024-02-18 23:52:00+00:00,98.3
,0,,spo2,2024-02-18 23:57:00+00:00,98.5
,0,,spo2,2024-02-19 00:02:00+00:00,96.9
,0,,spo2,2024-02-19 00:07:00+00:00,98.1
,0,,spo2,2024-02-19 00:12:00+00:00,96.1
,0,,spo2,2024-02-19 00:17:00+00:00,98.4
,0,,spo2,2024-02-19 00:22:00+00:00,97.5
,0,,spo2,2024-02-19 00:27:00+00:00,96.9
,0,,spo2,2024-02-19 00:32:00+00:00,96.5
,0,,spo2,2024-02-19 00:37:00+00:00,97.8
,0,,spo2,2024-02-19 00:42:00+00:00,98.8
,0,,spo2,2024-02-19 00:47:00+00:00,97.2
,0,,spo2,2024-02-19 00:52:00+00:00,98.1
,0,,spo2,2024-02-19 00:57:00+00:00,98.2
,0,,spo2,2024-02-19 01:02:00+00:00,97.7
,0,,spo2,2024-02-19 01:07:00+00:00,99.2
,0,,spo2,2024-02-19 01:12:00+00:00,98.2
,0,,spo2,2024-02-19 01:17:00+00:00,98.2
,0,,spo2,2024-02-19 01:22:00+00:00,98.1
,0,,spo2,2024-02-19 01:27:00+00:00,99.0
,0,,spo2,2024-02-19 01:32:00+00:00,97.2
,0,,spo2,2024-02-19 01:37:00+00:00,99.1
,0,,spo2,2024-02-19 01:42:00+00:00,96.2
,0,,spo2,2024-02-19 01:47:00+00:00,97.3
,0,,spo2,2024-02-19 01:52:00+00:00,96.1
,0,,spo2,2024-02-19 01:57:00+00:00,96.4
,0,,spo2,2024-02-19 02:02:00+00:00,99.0
,0,,spo2,2024-02-19 02:07:00+00:00,99.4
,0,,spo2,2024-02-19 02:12:00+00:00,96.0
,0,,spo2,2024-02-19 02:17:00+00:00,97.8
,0,,spo2,2024-02-19 02:22:00+00:00,99.0
,0,,spo2,2024-02-19 02:27:00+00:00,98.6
,0,,spo2,2024-02-19 02:32:00+00:00,97.8
,0,,spo2,2024-02-19 02:37:00+00:00,97.2
,0,,spo2,2024-02-19 02:42:00+00:00,98.8
,0,,spo2,2024-02-19 02:47:00+00:00,98.0
,0,,spo2,2024-02-19 02:52:00+00:00,97.7
,0,,spo2,2024-02-19 02:57:00+00:00,98.1
,0,,spo2,2024-02-19 03:02:00+00:00,99.5
,0,,spo2,2024-02-19 03:07:00+00:00,98.7
,0,,spo2,2024-02-19 03:12:00+00:00,98.5
,0,,spo2,2024-02-19 03:17:00+00:00,99.7
,0,,spo2,2024-02-19 03:22:00+00:00,99.6
,0,,spo2,2024-02-19 03:27:00+00:00,96.7
,0,,spo2,2024-02-19 03:32:00+00:00,96.3
,0,,spo2,2024-02-19 03:37:00+00:00,97.4
,0,,spo2,2024-02-19 03:42:00+00:00,98.9
,0,,spo2,2024-02-19 03:47:00+00:00,98.7
,0,,spo2,2024-02-19 03:52:00+00:00,97.3
,0,,spo2,2024-02-19 03:57:00+00:00,97.9
,0,,spo2,2024-02-19 04:02:00+00:00,96.6
,0,,spo2,2024-02-19 04:07:00+00:00,99.3
,0,,spo2,2024-02-19 04:12:00+00:00,99.8
,0,,spo2,2024-02-19 04:17:00+00:00,97.3
,0,,spo2,2024-02-19 04:22:00+00:00,99.7
,0,,spo2,2024-02-19 04:27:00+00:00,99.2
,0,,spo2,2024-02-19 04:32:00+00:00,99.3
,0,,spo2,2024-02-19 04:37:00+00:00,97.0
,0,,spo2,2024-02-19 04:42:00+00:00,98.0
,0,,spo2,2024-02-19 04:47:00+00:00,98.9
,0,,spo2,2024-02-19 04:52:00+00:00,99.0
,0,,spo2,2024-02-19 04:57:00+00:00,97.7
,0,,spo2,2024-02-19 05:02:00+00:00,96.4
,0,,spo2,2024-02-19 05:07:00+00:00,97.6
,0,,spo2,2024-02-19 05:12:00+00:00,97.5
,0,,spo2,2024-02-19 05:17:00+00:00,96.5
,0,,spo2,2024-02-19 05:22:00+00:00,98.4
,0,,spo2,2024-02-19 05:27:00+00:00,98.9
,0,,spo2,2024-02-19 05:32:00+00:00,96.6
,0,,spo2,2024-02-19 05:37:00+00:00,99.3
,0,,spo2,2024-02-19 05:42:00+00:00,98.0
,0,,spo2,2024-02-19 05:47:00+00:00,96.1
,0,,spo2,2024-02-19 05:52:00+00:00,96.6
,0,,spo2,2024-02-19 05:57:00+00:00,97.2
,0,,spo2,2024-02-19 06:02:00+00:00,96.7
,0,,spo2,2024-02-19 06:07:00+00:00,99.5
,0,,spo2,2024-02-19 06:12:00+00:00,96.0
,0,,spo2,2024-02-19 06:17:00+00:00,99.1
,0,,spo2,2024-02-19 06:22:00+00:00,99.5
,0,,spo2,2024-02-19 06:27:00+00:00,97.0
,0,,spo2,2024-02-19 06:32:00+00:00,97.0
,0,,spo2,2024-02-19 06:37:00+00:00,97.1
,0,,spo2,2024-02-19 06:42:00+00:00,96.6
,0,,spo2,2024-02-19 06:47:00+00:00,97.1
,0,,spo2,2024-02-19 06:52:00+00:00,98.7
,0,,spo2,2024-02-19 06:57:00+00:00,98.1
,0,,spo2,2024-02-19 07:02:00+00:00,97.9
,0,,spo2,2024-02-19 07:07:00+00:00,96.9
,0,,spo2,2024-02-19 07:12:00+00:00,98.1
,0,,spo2,2024-02-19 07:17:00+00:00,98.1
,0,,spo2,2024-02-19 07:22:00+00:00,96.7
,0,,spo2,2024-02-19 07:27:00+00:00,96.5
,0,,spo2,2024-02-19 07:32:00+00:00,98.7
,0,,spo2,2024-02-19 07:37:00+00:00,99.7
,0,,spo2,2024-02-19 07:42:00+00:00,98.3
,0,,spo2,2024-02-19 07:47:00+00:00,98.5
,0,,spo2,2024-02-19 07:52:00+00:00,99.0
,0,,spo2,2024-02-19 07:57:00+00:00,96.5
,0,,spo2,2024-02-19 08:02:00+00:00,98.9
,0,,spo2,2024-02-19 08:07:00+00:00,96.5
,0,,spo2,2024-02-19 08:12:00+00:00,99.3
,0,,spo2,2024-02-19 23:54:00+00:00,98.7
,0,,spo2,2024-02-19 23:59:00+00:00,99.7
,0,,spo2,2024-02-20 00:04:00+00:00,97.7
,0,,spo2,2024-02-20 00:09:00+00:00,98.9
,0,,spo2,2024-02-20 00:14:00+00:00,99.2
,0,,spo2,2024-02-20 00:19:00+00:00,96.7
,0,,spo2,2024-02-20 00:24:00+00:00,98.7
,0,,spo2,2024-02-20 00:29:00+00:00,97.3
,0,,spo2,2024-02-20 00:34:00+00:00,96.5
,0,,spo2,2024-02-20 00:39:00+00:00,96.8
,0,,spo2,2024-02-20 00:44:00+00:00,96.9
,0,,spo2,2024-02-20 00:49:00+00:00,99.3
,0,,spo2,2024-02-20 00:54:00+00:00,97.6
,0,,spo2,2024-02-20 00:59:00+00:00,96.6
,0,,spo2,2024-02-20 01:04:00+00:00,99.4
,0,,spo2,2024-02-20 01:09:00+00:00,97.5
,0,,spo2,2024-02-20 01:14:00+00:00,98.1
,0,,spo2,2024-02-20 01:19:00+00:00,99.1
,0,,spo2,2024-02-20 01:24:00+00:00,97.8
,0,,spo2,2024-02-20 01:29:00+00:00,98.0
,0,,spo2,2024-02-20 01:34:00+00:00,96.1
,0,,spo2,2024-02-20 01:39:00+00:00,96.4
,0,,spo2,2024-02-20 01:44:00+00:00,97.6
,0,,spo2,2024-02-20 01:49:00+00:00,99.3
,0,,spo2,2024-02-20 01:54:00+00:00,96.2
,0,,spo2,2024-02-20 01:59:00+00:00,99.5
,0,,spo2,2024-02-20 02:04:00+00:00,97.2
,0,,spo2,2024-02-20 02:09:00+00:00,99.6
,0,,spo2,2024-02-20 02:14:00+00:00,96.6
,0,,spo2,2024-02-20 02:19:00+00:00,96.2
,0,,spo2,2024-02-20 02:24:00+00:00,97.6
,0,,spo2,2024-02-20 02:29:00+00:00,96.4
,0,,spo2,2024-02-20 02:34:00+00:00,96.6
,0,,spo2,2024-02-20 02:39:00+00:00,99.0
,0,,spo2,2024-02-20 02:44:00+00:00,97.1
,0,,spo2,2024-02-20 02:49:00+00:00,96.9
,0,,spo2,2024-02-20 02:54:00+00:00,99.6
,0,,spo2,2024-02-20 02:59:00+00:00,96.1
,0,,spo2,2024-02-20 03:04:00+00:00,97.0
,0,,spo2,2024-02-20 03:09:00+00:00,98.3
,0,,spo2,2024-02-20 03:14:00+00:00,99.2
,0,,spo2,2024-02-20 03:19:00+00:00,97.5
,0,,spo2,2024-02-20 03:24:00+00:00,97.1
,0,,spo2,2024-02-20 03:29:00+00:00,99.3
,0,,spo2,2024-02-20 03:34:00+00:00,96.4
,0,,spo2,2024-02-20 03:39:00+00:00,99.1
,0,,spo2,2024-02-20 03:44:00+00:00,98.2
,0,,spo2,2024-02-20 03:49:00+00:00,99.0
,0,,spo2,2024-02-20 03:54:00+00:00,96.8
,0,,spo2,2024-02-20 03:59:00+00:00,96.8
,0,,spo2,2024-02-20 04:04:00+00:00,99.6
,0,,spo2,2024-02-20 04:09:00+00:00,98.3
,0,,spo2,2024-02-20 04:14:00+00:00,97.9
,0,,spo2,2024-02-20 04:19:00+00:00,96.1
,0,,spo2,2024-02-20 04:24:00+00:00,97.4
,0,,spo2,2024-02-20 04:29:00+00:00,96.8
,0,,spo2,2024-02-20 04:34:00+00:00,96.5
,0,,spo2,2024-02-20 04:39:00+00:00,97.4
,0,,spo2,2024-02-20 04:44:00+00:00,96.2
,0,,spo2,2024-02-20 04:49:00+00:00,99.3
,0,,spo2,2024-02-20 04:54:00+00:00,98.6
,0,,spo2,2024-02-20 04:59:00+00:00,98.9
,0,,spo2,2024-02-20 05:04:00+00:00,99.5
,0,,spo2,2024-02-20 05:09:00+00:00,97.0
,0,,spo2,2024-02-20 05:14:00+00:00,99.0
,0,,spo2,2024-02-20 05:19:00+00:00,98.8
,0,,spo2,2024-02-20 05:24:00+00:00,97.6
,0,,spo2,2024-02-20 05:29:00+00:00,97.8
,0,,spo2,2024-02-20 05:34:00+00:00,99.7
,0,,spo2,2024-02-20 05:39:00+00:00,97.9
,0,,spo2,2024-02-20 05:44:00+00:00,98.2
,0,,spo2,2024-02-20 05:49:00+00:00,98.8
,0,,spo2,2024-02-20 05:54:00+00:00,96.5
,0,,spo2,2024-02-20 05:59:00+00:00,98.9
,0,,spo2,2024-02-20 06:04:00+00:00,96.2
,0,,spo2,2024-02-20 06:09:00+00:00,96.8
,0,,spo2,2024-02-20 06:14:00+00:00,99.0
,0,,spo2,2024-02-20 23:40:00+00:00,97.3
,0,,spo2,2024-02-20 23:45:00+00:00,98.9
,0,,spo2,2024-02-20 23:50:00+00:00,98.2
,0,,spo2,2024-02-20 23:55:00+00:00,97.9
